<?xml version="1.0" encoding="utf-8"?>
<merger version="3"><dataSet config="output"><source path="C:\Users\ADMIN\.android\build-cache\8b38ceb82977b86794e260330c0f7a6590516937\output\assets"/></dataSet><dataSet config="output"><source path="C:\Users\ADMIN\.android\build-cache\5fbb9153dc8d0a52ef6238a724aeb8bfb1d1eaa4\output\assets"/></dataSet><dataSet config="output"><source path="C:\Users\ADMIN\.android\build-cache\7225e0f41cd363a49761d15f37278751c8a1a367\output\assets"/></dataSet><dataSet config="output"><source path="C:\Users\ADMIN\.android\build-cache\ccc768379c028a5bf25dfaa12077e29bac4c24d2\output\assets"/></dataSet><dataSet config="output"><source path="C:\Users\ADMIN\.android\build-cache\2ff6536e6197d66f512b6722e02ed9b4a93098e2\output\assets"/></dataSet><dataSet config="output"><source path="C:\Users\ADMIN\.android\build-cache\9ac4a261c0a731a2da1b7fda106cd337b5ad4516\output\assets"/></dataSet><dataSet config="output"><source path="C:\Users\ADMIN\.android\build-cache\f3fcbd9b3ee6cf3261a8aa79d49a9b9e2dcbefbf\output\assets"/></dataSet><dataSet config="output"><source path="C:\Users\ADMIN\.android\build-cache\a013fb0d7ddccfc45157da38d9dbc307739a6553\output\assets"/></dataSet><dataSet config="output"><source path="C:\Users\ADMIN\.android\build-cache\d3889ef0559c038925d4af9428baf3fa2fc43370\output\assets"/></dataSet><dataSet config="output"><source path="C:\Users\ADMIN\.android\build-cache\95f3ac9d8d29c858841e3e7390a95721f395d906\output\assets"/></dataSet><dataSet config="output"><source path="C:\Users\ADMIN\.android\build-cache\0e2f07b6e2619fb84073454fbad2237c657b3aa9\output\assets"/></dataSet><dataSet config="output"><source path="C:\Users\ADMIN\.android\build-cache\a2b3d40b12d9610bee7ce2deaedc414c5fd6b5b0\output\assets"/></dataSet><dataSet config="output"><source path="C:\Users\ADMIN\.android\build-cache\7c346ec6b6c82555f5eacabccd09cd7671e41d1e\output\assets"/></dataSet><dataSet config="output"><source path="C:\Users\ADMIN\.android\build-cache\037e43bc0774daf90f8a3f45b088ec7ef59ac626\output\assets"/></dataSet><dataSet config="output"><source path="C:\Users\ADMIN\.android\build-cache\1a415cabb2d069bbfa0b962df011678021cf7e6e\output\assets"/></dataSet><dataSet config="output"><source path="C:\Users\ADMIN\.android\build-cache\c1b2ff3bec74f33373395e8c53607b335d096226\output\assets"/></dataSet><dataSet config="output"><source path="C:\Users\ADMIN\.android\build-cache\ab67c406acf89214eb61fc3bd02f72f0921f3876\output\assets"/></dataSet><dataSet config="output"><source path="C:\Users\ADMIN\.android\build-cache\42137ea5db3e93d1838df82bf697d8673de183db\output\assets"/></dataSet><dataSet config="main"><source path="E:\Android Studio\Call recorders\asfak\CallRecorder\app\src\main\assets"><file name="default.icon.hdpi.png" path="E:\Android Studio\Call recorders\asfak\CallRecorder\app\src\main\assets\default.icon.hdpi.png"/><file name="default.icon.ldpi.png" path="E:\Android Studio\Call recorders\asfak\CallRecorder\app\src\main\assets\default.icon.ldpi.png"/><file name="default.icon.mdpi.png" path="E:\Android Studio\Call recorders\asfak\CallRecorder\app\src\main\assets\default.icon.mdpi.png"/><file name="rec.xcf" path="E:\Android Studio\Call recorders\asfak\CallRecorder\app\src\main\assets\rec.xcf"/></source><source path="E:\Android Studio\Call recorders\asfak\CallRecorder\app\build\generated\assets\shaders\debug"/></dataSet><dataSet config="debug"><source path="E:\Android Studio\Call recorders\asfak\CallRecorder\app\src\debug\assets"/></dataSet></merger>