[
    {
        "outputFile": "E:\\Android Studio\\Call recorders\\asfak\\CallRecorder\\app\\build\\intermediates\\incremental\\mergeDebugResources\\merged.dir\\values-fa\\values-fa.xml",
        "map": [
            {
                "to": {
                    "startLine": 2,
                    "startColumn": 4,
                    "startOffset": 105,
                    "endColumn": 109,
                    "endOffset": 210
                },
                "from": {
                    "file": "C:\\Users\\ADMIN\\.android\\build-cache\\95f3ac9d8d29c858841e3e7390a95721f395d906\\output\\res\\values-fa\\values-fa.xml",
                    "position": {
                        "startLine": 2,
                        "startColumn": 4,
                        "startOffset": 55,
                        "endColumn": 109,
                        "endOffset": 160
                    }
                }
            },
            {
                "to": {
                    "startLine": 3,
                    "startColumn": 4,
                    "startOffset": 215,
                    "endColumn": 109,
                    "endOffset": 320
                },
                "from": {
                    "file": "C:\\Users\\ADMIN\\.android\\build-cache\\95f3ac9d8d29c858841e3e7390a95721f395d906\\output\\res\\values-fa\\values-fa.xml",
                    "position": {
                        "startLine": 3,
                        "startColumn": 4,
                        "startOffset": 165,
                        "endColumn": 109,
                        "endOffset": 270
                    }
                }
            },
            {
                "to": {
                    "startLine": 4,
                    "startColumn": 4,
                    "startOffset": 325,
                    "endColumn": 125,
                    "endOffset": 446
                },
                "from": {
                    "file": "C:\\Users\\ADMIN\\.android\\build-cache\\95f3ac9d8d29c858841e3e7390a95721f395d906\\output\\res\\values-fa\\values-fa.xml",
                    "position": {
                        "startLine": 4,
                        "startColumn": 4,
                        "startOffset": 275,
                        "endColumn": 125,
                        "endOffset": 396
                    }
                }
            },
            {
                "to": {
                    "startLine": 5,
                    "startColumn": 4,
                    "startOffset": 451,
                    "endColumn": 102,
                    "endOffset": 549
                },
                "from": {
                    "file": "C:\\Users\\ADMIN\\.android\\build-cache\\95f3ac9d8d29c858841e3e7390a95721f395d906\\output\\res\\values-fa\\values-fa.xml",
                    "position": {
                        "startLine": 5,
                        "startColumn": 4,
                        "startOffset": 401,
                        "endColumn": 102,
                        "endOffset": 499
                    }
                }
            },
            {
                "to": {
                    "startLine": 6,
                    "startColumn": 4,
                    "startOffset": 554,
                    "endColumn": 110,
                    "endOffset": 660
                },
                "from": {
                    "file": "C:\\Users\\ADMIN\\.android\\build-cache\\95f3ac9d8d29c858841e3e7390a95721f395d906\\output\\res\\values-fa\\values-fa.xml",
                    "position": {
                        "startLine": 6,
                        "startColumn": 4,
                        "startOffset": 504,
                        "endColumn": 110,
                        "endOffset": 610
                    }
                }
            },
            {
                "to": {
                    "startLine": 7,
                    "startColumn": 4,
                    "startOffset": 665,
                    "endColumn": 83,
                    "endOffset": 744
                },
                "from": {
                    "file": "C:\\Users\\ADMIN\\.android\\build-cache\\95f3ac9d8d29c858841e3e7390a95721f395d906\\output\\res\\values-fa\\values-fa.xml",
                    "position": {
                        "startLine": 7,
                        "startColumn": 4,
                        "startOffset": 615,
                        "endColumn": 83,
                        "endOffset": 694
                    }
                }
            },
            {
                "to": {
                    "startLine": 8,
                    "startColumn": 4,
                    "startOffset": 749,
                    "endColumn": 102,
                    "endOffset": 847
                },
                "from": {
                    "file": "C:\\Users\\ADMIN\\.android\\build-cache\\95f3ac9d8d29c858841e3e7390a95721f395d906\\output\\res\\values-fa\\values-fa.xml",
                    "position": {
                        "startLine": 8,
                        "startColumn": 4,
                        "startOffset": 699,
                        "endColumn": 102,
                        "endOffset": 797
                    }
                }
            },
            {
                "to": {
                    "startLine": 9,
                    "startColumn": 4,
                    "startOffset": 852,
                    "endColumn": 114,
                    "endOffset": 962
                },
                "from": {
                    "file": "C:\\Users\\ADMIN\\.android\\build-cache\\95f3ac9d8d29c858841e3e7390a95721f395d906\\output\\res\\values-fa\\values-fa.xml",
                    "position": {
                        "startLine": 9,
                        "startColumn": 4,
                        "startOffset": 802,
                        "endColumn": 114,
                        "endOffset": 912
                    }
                }
            },
            {
                "to": {
                    "startLine": 10,
                    "startColumn": 4,
                    "startOffset": 967,
                    "endColumn": 78,
                    "endOffset": 1041
                },
                "from": {
                    "file": "C:\\Users\\ADMIN\\.android\\build-cache\\95f3ac9d8d29c858841e3e7390a95721f395d906\\output\\res\\values-fa\\values-fa.xml",
                    "position": {
                        "startLine": 10,
                        "startColumn": 4,
                        "startOffset": 917,
                        "endColumn": 78,
                        "endOffset": 991
                    }
                }
            },
            {
                "to": {
                    "startLine": 11,
                    "startColumn": 4,
                    "startOffset": 1046,
                    "endColumn": 77,
                    "endOffset": 1119
                },
                "from": {
                    "file": "C:\\Users\\ADMIN\\.android\\build-cache\\95f3ac9d8d29c858841e3e7390a95721f395d906\\output\\res\\values-fa\\values-fa.xml",
                    "position": {
                        "startLine": 11,
                        "startColumn": 4,
                        "startOffset": 996,
                        "endColumn": 77,
                        "endOffset": 1069
                    }
                }
            },
            {
                "to": {
                    "startLine": 12,
                    "startColumn": 4,
                    "startOffset": 1124,
                    "endColumn": 80,
                    "endOffset": 1200
                },
                "from": {
                    "file": "C:\\Users\\ADMIN\\.android\\build-cache\\95f3ac9d8d29c858841e3e7390a95721f395d906\\output\\res\\values-fa\\values-fa.xml",
                    "position": {
                        "startLine": 12,
                        "startColumn": 4,
                        "startOffset": 1074,
                        "endColumn": 80,
                        "endOffset": 1150
                    }
                }
            },
            {
                "to": {
                    "startLine": 13,
                    "startColumn": 4,
                    "startOffset": 1205,
                    "endColumn": 111,
                    "endOffset": 1312
                },
                "from": {
                    "file": "C:\\Users\\ADMIN\\.android\\build-cache\\95f3ac9d8d29c858841e3e7390a95721f395d906\\output\\res\\values-fa\\values-fa.xml",
                    "position": {
                        "startLine": 13,
                        "startColumn": 4,
                        "startOffset": 1155,
                        "endColumn": 111,
                        "endOffset": 1262
                    }
                }
            },
            {
                "to": {
                    "startLine": 14,
                    "startColumn": 4,
                    "startOffset": 1317,
                    "endColumn": 102,
                    "endOffset": 1415
                },
                "from": {
                    "file": "C:\\Users\\ADMIN\\.android\\build-cache\\95f3ac9d8d29c858841e3e7390a95721f395d906\\output\\res\\values-fa\\values-fa.xml",
                    "position": {
                        "startLine": 14,
                        "startColumn": 4,
                        "startOffset": 1267,
                        "endColumn": 102,
                        "endOffset": 1365
                    }
                }
            },
            {
                "to": {
                    "startLine": 15,
                    "startColumn": 4,
                    "startOffset": 1420,
                    "endColumn": 97,
                    "endOffset": 1513
                },
                "from": {
                    "file": "C:\\Users\\ADMIN\\.android\\build-cache\\95f3ac9d8d29c858841e3e7390a95721f395d906\\output\\res\\values-fa\\values-fa.xml",
                    "position": {
                        "startLine": 15,
                        "startColumn": 4,
                        "startOffset": 1370,
                        "endColumn": 97,
                        "endOffset": 1463
                    }
                }
            },
            {
                "to": {
                    "startLine": 16,
                    "startColumn": 4,
                    "startOffset": 1518,
                    "endColumn": 109,
                    "endOffset": 1623
                },
                "from": {
                    "file": "C:\\Users\\ADMIN\\.android\\build-cache\\95f3ac9d8d29c858841e3e7390a95721f395d906\\output\\res\\values-fa\\values-fa.xml",
                    "position": {
                        "startLine": 16,
                        "startColumn": 4,
                        "startOffset": 1468,
                        "endColumn": 109,
                        "endOffset": 1573
                    }
                }
            },
            {
                "to": {
                    "startLine": 17,
                    "startColumn": 4,
                    "startOffset": 1628,
                    "endColumn": 102,
                    "endOffset": 1726
                },
                "from": {
                    "file": "C:\\Users\\ADMIN\\.android\\build-cache\\95f3ac9d8d29c858841e3e7390a95721f395d906\\output\\res\\values-fa\\values-fa.xml",
                    "position": {
                        "startLine": 17,
                        "startColumn": 4,
                        "startOffset": 1578,
                        "endColumn": 102,
                        "endOffset": 1676
                    }
                }
            },
            {
                "to": {
                    "startLine": 18,
                    "startColumn": 4,
                    "startOffset": 1731,
                    "endColumn": 108,
                    "endOffset": 1835
                },
                "from": {
                    "file": "C:\\Users\\ADMIN\\.android\\build-cache\\95f3ac9d8d29c858841e3e7390a95721f395d906\\output\\res\\values-fa\\values-fa.xml",
                    "position": {
                        "startLine": 18,
                        "startColumn": 4,
                        "startOffset": 1681,
                        "endColumn": 108,
                        "endOffset": 1785
                    }
                }
            },
            {
                "to": {
                    "startLine": 19,
                    "startColumn": 4,
                    "startOffset": 1840,
                    "endColumn": 124,
                    "endOffset": 1960
                },
                "from": {
                    "file": "C:\\Users\\ADMIN\\.android\\build-cache\\95f3ac9d8d29c858841e3e7390a95721f395d906\\output\\res\\values-fa\\values-fa.xml",
                    "position": {
                        "startLine": 19,
                        "startColumn": 4,
                        "startOffset": 1790,
                        "endColumn": 124,
                        "endOffset": 1910
                    }
                }
            },
            {
                "to": {
                    "startLine": 20,
                    "startColumn": 4,
                    "startOffset": 1965,
                    "endColumn": 100,
                    "endOffset": 2061
                },
                "from": {
                    "file": "C:\\Users\\ADMIN\\.android\\build-cache\\95f3ac9d8d29c858841e3e7390a95721f395d906\\output\\res\\values-fa\\values-fa.xml",
                    "position": {
                        "startLine": 20,
                        "startColumn": 4,
                        "startOffset": 1915,
                        "endColumn": 100,
                        "endOffset": 2011
                    }
                }
            },
            {
                "to": {
                    "startLine": 21,
                    "startColumn": 4,
                    "startOffset": 2066,
                    "endColumn": 263,
                    "endOffset": 2325
                },
                "from": {
                    "file": "C:\\Users\\ADMIN\\.android\\build-cache\\fe541dc57c9d228369ed2110591b9ddf40b761e0\\output\\res\\values-fa\\values.xml",
                    "position": {
                        "startLine": 4,
                        "startColumn": 4,
                        "startOffset": 323,
                        "endColumn": 263,
                        "endOffset": 582
                    }
                }
            },
            {
                "to": {
                    "startLine": 22,
                    "startColumn": 4,
                    "startOffset": 2330,
                    "endColumn": 128,
                    "endOffset": 2454
                },
                "from": {
                    "file": "C:\\Users\\ADMIN\\.android\\build-cache\\fe541dc57c9d228369ed2110591b9ddf40b761e0\\output\\res\\values-fa\\values.xml",
                    "position": {
                        "startLine": 5,
                        "startColumn": 4,
                        "startOffset": 587,
                        "endColumn": 128,
                        "endOffset": 711
                    }
                }
            },
            {
                "to": {
                    "startLine": 23,
                    "startColumn": 4,
                    "startOffset": 2459,
                    "endColumn": 190,
                    "endOffset": 2645
                },
                "from": {
                    "file": "C:\\Users\\ADMIN\\.android\\build-cache\\fe541dc57c9d228369ed2110591b9ddf40b761e0\\output\\res\\values-fa\\values.xml",
                    "position": {
                        "startLine": 6,
                        "startColumn": 4,
                        "startOffset": 716,
                        "endColumn": 190,
                        "endOffset": 902
                    }
                }
            },
            {
                "to": {
                    "startLine": 24,
                    "startColumn": 4,
                    "startOffset": 2650,
                    "endColumn": 132,
                    "endOffset": 2778
                },
                "from": {
                    "file": "C:\\Users\\ADMIN\\.android\\build-cache\\fe541dc57c9d228369ed2110591b9ddf40b761e0\\output\\res\\values-fa\\values.xml",
                    "position": {
                        "startLine": 7,
                        "startColumn": 4,
                        "startOffset": 907,
                        "endColumn": 132,
                        "endOffset": 1035
                    }
                }
            },
            {
                "to": {
                    "startLine": 25,
                    "startColumn": 4,
                    "startOffset": 2783,
                    "endColumn": 130,
                    "endOffset": 2909
                },
                "from": {
                    "file": "C:\\Users\\ADMIN\\.android\\build-cache\\fe541dc57c9d228369ed2110591b9ddf40b761e0\\output\\res\\values-fa\\values.xml",
                    "position": {
                        "startLine": 8,
                        "startColumn": 4,
                        "startOffset": 1040,
                        "endColumn": 130,
                        "endOffset": 1166
                    }
                }
            },
            {
                "to": {
                    "startLine": 26,
                    "startColumn": 4,
                    "startOffset": 2914,
                    "endColumn": 207,
                    "endOffset": 3117
                },
                "from": {
                    "file": "C:\\Users\\ADMIN\\.android\\build-cache\\fe541dc57c9d228369ed2110591b9ddf40b761e0\\output\\res\\values-fa\\values.xml",
                    "position": {
                        "startLine": 9,
                        "startColumn": 4,
                        "startOffset": 1171,
                        "endColumn": 207,
                        "endOffset": 1374
                    }
                }
            },
            {
                "to": {
                    "startLine": 27,
                    "startColumn": 4,
                    "startOffset": 3122,
                    "endColumn": 215,
                    "endOffset": 3333
                },
                "from": {
                    "file": "C:\\Users\\ADMIN\\.android\\build-cache\\fe541dc57c9d228369ed2110591b9ddf40b761e0\\output\\res\\values-fa\\values.xml",
                    "position": {
                        "startLine": 10,
                        "startColumn": 4,
                        "startOffset": 1379,
                        "endColumn": 215,
                        "endOffset": 1590
                    }
                }
            },
            {
                "to": {
                    "startLine": 28,
                    "startColumn": 4,
                    "startOffset": 3338,
                    "endColumn": 129,
                    "endOffset": 3463
                },
                "from": {
                    "file": "C:\\Users\\ADMIN\\.android\\build-cache\\fe541dc57c9d228369ed2110591b9ddf40b761e0\\output\\res\\values-fa\\values.xml",
                    "position": {
                        "startLine": 11,
                        "startColumn": 4,
                        "startOffset": 1595,
                        "endColumn": 129,
                        "endOffset": 1720
                    }
                }
            },
            {
                "to": {
                    "startLine": 29,
                    "startColumn": 4,
                    "startOffset": 3468,
                    "endColumn": 185,
                    "endOffset": 3649
                },
                "from": {
                    "file": "C:\\Users\\ADMIN\\.android\\build-cache\\fe541dc57c9d228369ed2110591b9ddf40b761e0\\output\\res\\values-fa\\values.xml",
                    "position": {
                        "startLine": 12,
                        "startColumn": 4,
                        "startOffset": 1725,
                        "endColumn": 185,
                        "endOffset": 1906
                    }
                }
            },
            {
                "to": {
                    "startLine": 30,
                    "startColumn": 4,
                    "startOffset": 3654,
                    "endColumn": 120,
                    "endOffset": 3770
                },
                "from": {
                    "file": "C:\\Users\\ADMIN\\.android\\build-cache\\fe541dc57c9d228369ed2110591b9ddf40b761e0\\output\\res\\values-fa\\values.xml",
                    "position": {
                        "startLine": 13,
                        "startColumn": 4,
                        "startOffset": 1911,
                        "endColumn": 120,
                        "endOffset": 2027
                    }
                }
            },
            {
                "to": {
                    "startLine": 31,
                    "startColumn": 4,
                    "startOffset": 3775,
                    "endColumn": 163,
                    "endOffset": 3934
                },
                "from": {
                    "file": "C:\\Users\\ADMIN\\.android\\build-cache\\fe541dc57c9d228369ed2110591b9ddf40b761e0\\output\\res\\values-fa\\values.xml",
                    "position": {
                        "startLine": 14,
                        "startColumn": 4,
                        "startOffset": 2032,
                        "endColumn": 163,
                        "endOffset": 2191
                    }
                }
            },
            {
                "to": {
                    "startLine": 32,
                    "startColumn": 4,
                    "startOffset": 3939,
                    "endColumn": 115,
                    "endOffset": 4050
                },
                "from": {
                    "file": "C:\\Users\\ADMIN\\.android\\build-cache\\fe541dc57c9d228369ed2110591b9ddf40b761e0\\output\\res\\values-fa\\values.xml",
                    "position": {
                        "startLine": 15,
                        "startColumn": 4,
                        "startOffset": 2196,
                        "endColumn": 115,
                        "endOffset": 2307
                    }
                }
            },
            {
                "to": {
                    "startLine": 33,
                    "startColumn": 4,
                    "startOffset": 4055,
                    "endColumn": 130,
                    "endOffset": 4181
                },
                "from": {
                    "file": "C:\\Users\\ADMIN\\.android\\build-cache\\fe541dc57c9d228369ed2110591b9ddf40b761e0\\output\\res\\values-fa\\values.xml",
                    "position": {
                        "startLine": 16,
                        "startColumn": 4,
                        "startOffset": 2312,
                        "endColumn": 130,
                        "endOffset": 2438
                    }
                }
            },
            {
                "to": {
                    "startLine": 34,
                    "startColumn": 4,
                    "startOffset": 4186,
                    "endColumn": 186,
                    "endOffset": 4368
                },
                "from": {
                    "file": "C:\\Users\\ADMIN\\.android\\build-cache\\fe541dc57c9d228369ed2110591b9ddf40b761e0\\output\\res\\values-fa\\values.xml",
                    "position": {
                        "startLine": 17,
                        "startColumn": 4,
                        "startOffset": 2443,
                        "endColumn": 186,
                        "endOffset": 2625
                    }
                }
            },
            {
                "to": {
                    "startLine": 35,
                    "startColumn": 4,
                    "startOffset": 4373,
                    "endColumn": 151,
                    "endOffset": 4520
                },
                "from": {
                    "file": "C:\\Users\\ADMIN\\.android\\build-cache\\fe541dc57c9d228369ed2110591b9ddf40b761e0\\output\\res\\values-fa\\values.xml",
                    "position": {
                        "startLine": 18,
                        "startColumn": 4,
                        "startOffset": 2630,
                        "endColumn": 151,
                        "endOffset": 2777
                    }
                }
            },
            {
                "to": {
                    "startLine": 36,
                    "startColumn": 4,
                    "startOffset": 4525,
                    "endColumn": 167,
                    "endOffset": 4688
                },
                "from": {
                    "file": "C:\\Users\\ADMIN\\.android\\build-cache\\fe541dc57c9d228369ed2110591b9ddf40b761e0\\output\\res\\values-fa\\values.xml",
                    "position": {
                        "startLine": 19,
                        "startColumn": 4,
                        "startOffset": 2782,
                        "endColumn": 167,
                        "endOffset": 2945
                    }
                }
            },
            {
                "to": {
                    "startLine": 37,
                    "startColumn": 4,
                    "startOffset": 4693,
                    "endColumn": 125,
                    "endOffset": 4814
                },
                "from": {
                    "file": "C:\\Users\\ADMIN\\.android\\build-cache\\fe541dc57c9d228369ed2110591b9ddf40b761e0\\output\\res\\values-fa\\values.xml",
                    "position": {
                        "startLine": 20,
                        "startColumn": 4,
                        "startOffset": 2950,
                        "endColumn": 125,
                        "endOffset": 3071
                    }
                }
            },
            {
                "to": {
                    "startLine": 38,
                    "startColumn": 4,
                    "startOffset": 4819,
                    "endColumn": 190,
                    "endOffset": 5005
                },
                "from": {
                    "file": "C:\\Users\\ADMIN\\.android\\build-cache\\fe541dc57c9d228369ed2110591b9ddf40b761e0\\output\\res\\values-fa\\values.xml",
                    "position": {
                        "startLine": 21,
                        "startColumn": 4,
                        "startOffset": 3076,
                        "endColumn": 190,
                        "endOffset": 3262
                    }
                }
            },
            {
                "to": {
                    "startLine": 39,
                    "startColumn": 4,
                    "startOffset": 5010,
                    "endColumn": 121,
                    "endOffset": 5127
                },
                "from": {
                    "file": "C:\\Users\\ADMIN\\.android\\build-cache\\fe541dc57c9d228369ed2110591b9ddf40b761e0\\output\\res\\values-fa\\values.xml",
                    "position": {
                        "startLine": 22,
                        "startColumn": 4,
                        "startOffset": 3267,
                        "endColumn": 121,
                        "endOffset": 3384
                    }
                }
            },
            {
                "to": {
                    "startLine": 40,
                    "startColumn": 4,
                    "startOffset": 5132,
                    "endColumn": 257,
                    "endOffset": 5385
                },
                "from": {
                    "file": "C:\\Users\\ADMIN\\.android\\build-cache\\3b3c45be01e6a89b22f090b73baf1df367750cf0\\output\\res\\values-fa\\values.xml",
                    "position": {
                        "startLine": 4,
                        "startColumn": 4,
                        "startOffset": 325,
                        "endColumn": 257,
                        "endOffset": 578
                    }
                }
            },
            {
                "to": {
                    "startLine": 41,
                    "startColumn": 4,
                    "startOffset": 5390,
                    "endColumn": 246,
                    "endOffset": 5632
                },
                "from": {
                    "file": "C:\\Users\\ADMIN\\.android\\build-cache\\fe541dc57c9d228369ed2110591b9ddf40b761e0\\output\\res\\values-fa\\values.xml",
                    "position": {
                        "startLine": 23,
                        "startColumn": 4,
                        "startOffset": 3389,
                        "endColumn": 246,
                        "endOffset": 3631
                    }
                }
            },
            {
                "to": {
                    "startLine": 42,
                    "startColumn": 4,
                    "startOffset": 5637,
                    "endColumn": 121,
                    "endOffset": 5754
                },
                "from": {
                    "file": "C:\\Users\\ADMIN\\.android\\build-cache\\fe541dc57c9d228369ed2110591b9ddf40b761e0\\output\\res\\values-fa\\values.xml",
                    "position": {
                        "startLine": 24,
                        "startColumn": 4,
                        "startOffset": 3636,
                        "endColumn": 121,
                        "endOffset": 3753
                    }
                }
            },
            {
                "to": {
                    "startLine": 43,
                    "startColumn": 4,
                    "startOffset": 5759,
                    "endColumn": 111,
                    "endOffset": 5866
                },
                "from": {
                    "file": "C:\\Users\\ADMIN\\.android\\build-cache\\fe541dc57c9d228369ed2110591b9ddf40b761e0\\output\\res\\values-fa\\values.xml",
                    "position": {
                        "startLine": 25,
                        "startColumn": 4,
                        "startOffset": 3758,
                        "endColumn": 111,
                        "endOffset": 3865
                    }
                }
            },
            {
                "to": {
                    "startLine": 44,
                    "startColumn": 4,
                    "startOffset": 5871,
                    "endColumn": 202,
                    "endOffset": 6069
                },
                "from": {
                    "file": "C:\\Users\\ADMIN\\.android\\build-cache\\fe541dc57c9d228369ed2110591b9ddf40b761e0\\output\\res\\values-fa\\values.xml",
                    "position": {
                        "startLine": 26,
                        "startColumn": 4,
                        "startOffset": 3870,
                        "endColumn": 202,
                        "endOffset": 4068
                    }
                }
            },
            {
                "to": {
                    "startLine": 45,
                    "startColumn": 4,
                    "startOffset": 6074,
                    "endColumn": 134,
                    "endOffset": 6204
                },
                "from": {
                    "file": "C:\\Users\\ADMIN\\.android\\build-cache\\fe541dc57c9d228369ed2110591b9ddf40b761e0\\output\\res\\values-fa\\values.xml",
                    "position": {
                        "startLine": 27,
                        "startColumn": 4,
                        "startOffset": 4073,
                        "endColumn": 134,
                        "endOffset": 4203
                    }
                }
            },
            {
                "to": {
                    "startLine": 46,
                    "startColumn": 4,
                    "startOffset": 6209,
                    "endColumn": 213,
                    "endOffset": 6418
                },
                "from": {
                    "file": "C:\\Users\\ADMIN\\.android\\build-cache\\fe541dc57c9d228369ed2110591b9ddf40b761e0\\output\\res\\values-fa\\values.xml",
                    "position": {
                        "startLine": 28,
                        "startColumn": 4,
                        "startOffset": 4208,
                        "endColumn": 213,
                        "endOffset": 4417
                    }
                }
            },
            {
                "to": {
                    "startLine": 47,
                    "startColumn": 4,
                    "startOffset": 6423,
                    "endColumn": 142,
                    "endOffset": 6561
                },
                "from": {
                    "file": "C:\\Users\\ADMIN\\.android\\build-cache\\fe541dc57c9d228369ed2110591b9ddf40b761e0\\output\\res\\values-fa\\values.xml",
                    "position": {
                        "startLine": 29,
                        "startColumn": 4,
                        "startOffset": 4422,
                        "endColumn": 142,
                        "endOffset": 4560
                    }
                }
            },
            {
                "to": {
                    "startLine": 48,
                    "startColumn": 4,
                    "startOffset": 6566,
                    "endColumn": 187,
                    "endOffset": 6749
                },
                "from": {
                    "file": "C:\\Users\\ADMIN\\.android\\build-cache\\fe541dc57c9d228369ed2110591b9ddf40b761e0\\output\\res\\values-fa\\values.xml",
                    "position": {
                        "startLine": 30,
                        "startColumn": 4,
                        "startOffset": 4565,
                        "endColumn": 187,
                        "endOffset": 4748
                    }
                }
            },
            {
                "to": {
                    "startLine": 49,
                    "startColumn": 4,
                    "startOffset": 6754,
                    "endColumn": 95,
                    "endOffset": 6845
                },
                "from": {
                    "file": "C:\\Users\\ADMIN\\.android\\build-cache\\fe541dc57c9d228369ed2110591b9ddf40b761e0\\output\\res\\values-fa\\values.xml",
                    "position": {
                        "startLine": 31,
                        "startColumn": 4,
                        "startOffset": 4753,
                        "endColumn": 95,
                        "endOffset": 4844
                    }
                }
            },
            {
                "to": {
                    "startLine": 50,
                    "startColumn": 4,
                    "startOffset": 6850,
                    "endColumn": 97,
                    "endOffset": 6943
                },
                "from": {
                    "file": "C:\\Users\\ADMIN\\.android\\build-cache\\fe541dc57c9d228369ed2110591b9ddf40b761e0\\output\\res\\values-fa\\values.xml",
                    "position": {
                        "startLine": 32,
                        "startColumn": 4,
                        "startOffset": 4849,
                        "endColumn": 97,
                        "endOffset": 4942
                    }
                }
            },
            {
                "to": {
                    "startLine": 51,
                    "startColumn": 4,
                    "startOffset": 6948,
                    "endColumn": 113,
                    "endOffset": 7057
                },
                "from": {
                    "file": "C:\\Users\\ADMIN\\.android\\build-cache\\fe541dc57c9d228369ed2110591b9ddf40b761e0\\output\\res\\values-fa\\values.xml",
                    "position": {
                        "startLine": 33,
                        "startColumn": 4,
                        "startOffset": 4947,
                        "endColumn": 113,
                        "endOffset": 5056
                    }
                }
            },
            {
                "to": {
                    "startLine": 52,
                    "startColumn": 4,
                    "startOffset": 7062,
                    "endColumn": 107,
                    "endOffset": 7165
                },
                "from": {
                    "file": "C:\\Users\\ADMIN\\.android\\build-cache\\a2b3d40b12d9610bee7ce2deaedc414c5fd6b5b0\\output\\res\\values-fa\\values-fa.xml",
                    "position": {
                        "startLine": 4,
                        "startColumn": 4,
                        "startOffset": 278,
                        "endColumn": 107,
                        "endOffset": 381
                    }
                }
            },
            {
                "to": {
                    "startLine": 53,
                    "startColumn": 4,
                    "startOffset": 7170,
                    "endColumn": 121,
                    "endOffset": 7287
                },
                "from": {
                    "file": "C:\\Users\\ADMIN\\.android\\build-cache\\a2b3d40b12d9610bee7ce2deaedc414c5fd6b5b0\\output\\res\\values-fa\\values-fa.xml",
                    "position": {
                        "startLine": 5,
                        "startColumn": 4,
                        "startOffset": 386,
                        "endColumn": 121,
                        "endOffset": 503
                    }
                }
            },
            {
                "to": {
                    "startLine": 54,
                    "startColumn": 4,
                    "startOffset": 7292,
                    "endColumn": 111,
                    "endOffset": 7399
                },
                "from": {
                    "file": "C:\\Users\\ADMIN\\.android\\build-cache\\a2b3d40b12d9610bee7ce2deaedc414c5fd6b5b0\\output\\res\\values-fa\\values-fa.xml",
                    "position": {
                        "startLine": 6,
                        "startColumn": 4,
                        "startOffset": 508,
                        "endColumn": 111,
                        "endOffset": 615
                    }
                }
            },
            {
                "to": {
                    "startLine": 55,
                    "startColumn": 4,
                    "startOffset": 7404,
                    "endColumn": 104,
                    "endOffset": 7504
                },
                "from": {
                    "file": "C:\\Users\\ADMIN\\.android\\build-cache\\a2b3d40b12d9610bee7ce2deaedc414c5fd6b5b0\\output\\res\\values-fa\\values-fa.xml",
                    "position": {
                        "startLine": 7,
                        "startColumn": 4,
                        "startOffset": 620,
                        "endColumn": 104,
                        "endOffset": 720
                    }
                }
            },
            {
                "to": {
                    "startLine": 56,
                    "startColumn": 4,
                    "startOffset": 7509,
                    "endColumn": 122,
                    "endOffset": 7627
                },
                "from": {
                    "file": "C:\\Users\\ADMIN\\.android\\build-cache\\a2b3d40b12d9610bee7ce2deaedc414c5fd6b5b0\\output\\res\\values-fa\\values-fa.xml",
                    "position": {
                        "startLine": 8,
                        "startColumn": 4,
                        "startOffset": 725,
                        "endColumn": 122,
                        "endOffset": 843
                    }
                }
            },
            {
                "to": {
                    "startLine": 57,
                    "startColumn": 4,
                    "startOffset": 7632,
                    "endColumn": 99,
                    "endOffset": 7727
                },
                "from": {
                    "file": "C:\\Users\\ADMIN\\.android\\build-cache\\a2b3d40b12d9610bee7ce2deaedc414c5fd6b5b0\\output\\res\\values-fa\\values-fa.xml",
                    "position": {
                        "startLine": 9,
                        "startColumn": 4,
                        "startOffset": 848,
                        "endColumn": 99,
                        "endOffset": 943
                    }
                }
            },
            {
                "to": {
                    "startLine": 58,
                    "startColumn": 4,
                    "startOffset": 7732,
                    "endColumn": 92,
                    "endOffset": 7820
                },
                "from": {
                    "file": "C:\\Users\\ADMIN\\.android\\build-cache\\a2b3d40b12d9610bee7ce2deaedc414c5fd6b5b0\\output\\res\\values-fa\\values-fa.xml",
                    "position": {
                        "startLine": 10,
                        "startColumn": 4,
                        "startOffset": 948,
                        "endColumn": 92,
                        "endOffset": 1036
                    }
                }
            },
            {
                "to": {
                    "startLine": 59,
                    "startColumn": 4,
                    "startOffset": 7825,
                    "endColumn": 116,
                    "endOffset": 7937
                },
                "from": {
                    "file": "C:\\Users\\ADMIN\\.android\\build-cache\\a2b3d40b12d9610bee7ce2deaedc414c5fd6b5b0\\output\\res\\values-fa\\values-fa.xml",
                    "position": {
                        "startLine": 11,
                        "startColumn": 4,
                        "startOffset": 1041,
                        "endColumn": 116,
                        "endOffset": 1153
                    }
                }
            },
            {
                "to": {
                    "startLine": 60,
                    "startColumn": 4,
                    "startOffset": 7942,
                    "endColumn": 101,
                    "endOffset": 8039
                },
                "from": {
                    "file": "C:\\Users\\ADMIN\\.android\\build-cache\\a2b3d40b12d9610bee7ce2deaedc414c5fd6b5b0\\output\\res\\values-fa\\values-fa.xml",
                    "position": {
                        "startLine": 12,
                        "startColumn": 4,
                        "startOffset": 1158,
                        "endColumn": 101,
                        "endOffset": 1255
                    }
                }
            },
            {
                "to": {
                    "startLine": 61,
                    "startColumn": 4,
                    "startOffset": 8044,
                    "endColumn": 84,
                    "endOffset": 8124
                },
                "from": {
                    "file": "C:\\Users\\ADMIN\\.android\\build-cache\\a2b3d40b12d9610bee7ce2deaedc414c5fd6b5b0\\output\\res\\values-fa\\values-fa.xml",
                    "position": {
                        "startLine": 13,
                        "startColumn": 4,
                        "startOffset": 1260,
                        "endColumn": 84,
                        "endOffset": 1340
                    }
                }
            },
            {
                "to": {
                    "startLine": 62,
                    "startColumn": 4,
                    "startOffset": 8129,
                    "endColumn": 95,
                    "endOffset": 8220
                },
                "from": {
                    "file": "C:\\Users\\ADMIN\\.android\\build-cache\\a2b3d40b12d9610bee7ce2deaedc414c5fd6b5b0\\output\\res\\values-fa\\values-fa.xml",
                    "position": {
                        "startLine": 14,
                        "startColumn": 4,
                        "startOffset": 1345,
                        "endColumn": 95,
                        "endOffset": 1436
                    }
                }
            },
            {
                "to": {
                    "startLine": 63,
                    "startColumn": 4,
                    "startOffset": 8225,
                    "endColumn": 104,
                    "endOffset": 8325
                },
                "from": {
                    "file": "C:\\Users\\ADMIN\\.android\\build-cache\\fe59ef60328d1e68be970eb7f16fd43f4c6027ee\\output\\res\\values-fa\\values.xml",
                    "position": {
                        "startLine": 4,
                        "startColumn": 4,
                        "startOffset": 275,
                        "endColumn": 104,
                        "endOffset": 375
                    }
                }
            },
            {
                "to": {
                    "startLine": 64,
                    "startColumn": 4,
                    "startOffset": 8330,
                    "endColumn": 94,
                    "endOffset": 8420
                },
                "from": {
                    "file": "C:\\Users\\ADMIN\\.android\\build-cache\\fe59ef60328d1e68be970eb7f16fd43f4c6027ee\\output\\res\\values-fa\\values.xml",
                    "position": {
                        "startLine": 5,
                        "startColumn": 4,
                        "startOffset": 380,
                        "endColumn": 94,
                        "endOffset": 470
                    }
                }
            },
            {
                "to": {
                    "startLine": 65,
                    "startColumn": 4,
                    "startOffset": 8425,
                    "endColumn": 80,
                    "endOffset": 8501
                },
                "from": {
                    "file": "C:\\Users\\ADMIN\\.android\\build-cache\\95f3ac9d8d29c858841e3e7390a95721f395d906\\output\\res\\values-fa\\values-fa.xml",
                    "position": {
                        "startLine": 21,
                        "startColumn": 4,
                        "startOffset": 2016,
                        "endColumn": 80,
                        "endOffset": 2092
                    }
                }
            },
            {
                "to": {
                    "startLine": 66,
                    "startColumn": 4,
                    "startOffset": 8506,
                    "endColumn": 100,
                    "endOffset": 8602
                },
                "from": {
                    "file": "C:\\Users\\ADMIN\\.android\\build-cache\\95f3ac9d8d29c858841e3e7390a95721f395d906\\output\\res\\values-fa\\values-fa.xml",
                    "position": {
                        "startLine": 22,
                        "startColumn": 4,
                        "startOffset": 2097,
                        "endColumn": 100,
                        "endOffset": 2193
                    }
                }
            }
        ]
    }
]