[
    {
        "outputFile": "E:\\Android Studio\\Call recorders\\asfak\\CallRecorder\\app\\build\\intermediates\\incremental\\mergeDebugResources\\merged.dir\\values-is-rIS\\values-is-rIS.xml",
        "map": [
            {
                "to": {
                    "startLine": 2,
                    "startColumn": 4,
                    "startOffset": 55,
                    "endColumn": 99,
                    "endOffset": 150
                },
                "from": {
                    "file": "C:\\Users\\ADMIN\\.android\\build-cache\\95f3ac9d8d29c858841e3e7390a95721f395d906\\output\\res\\values-is-rIS\\values-is-rIS.xml",
                    "position": {
                        "startLine": 2,
                        "startColumn": 4,
                        "startOffset": 55,
                        "endColumn": 99,
                        "endOffset": 150
                    }
                }
            },
            {
                "to": {
                    "startLine": 3,
                    "startColumn": 4,
                    "startOffset": 155,
                    "endColumn": 107,
                    "endOffset": 258
                },
                "from": {
                    "file": "C:\\Users\\ADMIN\\.android\\build-cache\\95f3ac9d8d29c858841e3e7390a95721f395d906\\output\\res\\values-is-rIS\\values-is-rIS.xml",
                    "position": {
                        "startLine": 3,
                        "startColumn": 4,
                        "startOffset": 155,
                        "endColumn": 107,
                        "endOffset": 258
                    }
                }
            },
            {
                "to": {
                    "startLine": 4,
                    "startColumn": 4,
                    "startOffset": 263,
                    "endColumn": 122,
                    "endOffset": 381
                },
                "from": {
                    "file": "C:\\Users\\ADMIN\\.android\\build-cache\\95f3ac9d8d29c858841e3e7390a95721f395d906\\output\\res\\values-is-rIS\\values-is-rIS.xml",
                    "position": {
                        "startLine": 4,
                        "startColumn": 4,
                        "startOffset": 263,
                        "endColumn": 122,
                        "endOffset": 381
                    }
                }
            },
            {
                "to": {
                    "startLine": 5,
                    "startColumn": 4,
                    "startOffset": 386,
                    "endColumn": 96,
                    "endOffset": 478
                },
                "from": {
                    "file": "C:\\Users\\ADMIN\\.android\\build-cache\\95f3ac9d8d29c858841e3e7390a95721f395d906\\output\\res\\values-is-rIS\\values-is-rIS.xml",
                    "position": {
                        "startLine": 5,
                        "startColumn": 4,
                        "startOffset": 386,
                        "endColumn": 96,
                        "endOffset": 478
                    }
                }
            },
            {
                "to": {
                    "startLine": 6,
                    "startColumn": 4,
                    "startOffset": 483,
                    "endColumn": 111,
                    "endOffset": 590
                },
                "from": {
                    "file": "C:\\Users\\ADMIN\\.android\\build-cache\\95f3ac9d8d29c858841e3e7390a95721f395d906\\output\\res\\values-is-rIS\\values-is-rIS.xml",
                    "position": {
                        "startLine": 6,
                        "startColumn": 4,
                        "startOffset": 483,
                        "endColumn": 111,
                        "endOffset": 590
                    }
                }
            },
            {
                "to": {
                    "startLine": 7,
                    "startColumn": 4,
                    "startOffset": 595,
                    "endColumn": 84,
                    "endOffset": 675
                },
                "from": {
                    "file": "C:\\Users\\ADMIN\\.android\\build-cache\\95f3ac9d8d29c858841e3e7390a95721f395d906\\output\\res\\values-is-rIS\\values-is-rIS.xml",
                    "position": {
                        "startLine": 7,
                        "startColumn": 4,
                        "startOffset": 595,
                        "endColumn": 84,
                        "endOffset": 675
                    }
                }
            },
            {
                "to": {
                    "startLine": 8,
                    "startColumn": 4,
                    "startOffset": 680,
                    "endColumn": 100,
                    "endOffset": 776
                },
                "from": {
                    "file": "C:\\Users\\ADMIN\\.android\\build-cache\\95f3ac9d8d29c858841e3e7390a95721f395d906\\output\\res\\values-is-rIS\\values-is-rIS.xml",
                    "position": {
                        "startLine": 8,
                        "startColumn": 4,
                        "startOffset": 680,
                        "endColumn": 100,
                        "endOffset": 776
                    }
                }
            },
            {
                "to": {
                    "startLine": 9,
                    "startColumn": 4,
                    "startOffset": 781,
                    "endColumn": 113,
                    "endOffset": 890
                },
                "from": {
                    "file": "C:\\Users\\ADMIN\\.android\\build-cache\\95f3ac9d8d29c858841e3e7390a95721f395d906\\output\\res\\values-is-rIS\\values-is-rIS.xml",
                    "position": {
                        "startLine": 9,
                        "startColumn": 4,
                        "startOffset": 781,
                        "endColumn": 113,
                        "endOffset": 890
                    }
                }
            },
            {
                "to": {
                    "startLine": 10,
                    "startColumn": 4,
                    "startOffset": 895,
                    "endColumn": 79,
                    "endOffset": 970
                },
                "from": {
                    "file": "C:\\Users\\ADMIN\\.android\\build-cache\\95f3ac9d8d29c858841e3e7390a95721f395d906\\output\\res\\values-is-rIS\\values-is-rIS.xml",
                    "position": {
                        "startLine": 10,
                        "startColumn": 4,
                        "startOffset": 895,
                        "endColumn": 79,
                        "endOffset": 970
                    }
                }
            },
            {
                "to": {
                    "startLine": 11,
                    "startColumn": 4,
                    "startOffset": 975,
                    "endColumn": 79,
                    "endOffset": 1050
                },
                "from": {
                    "file": "C:\\Users\\ADMIN\\.android\\build-cache\\95f3ac9d8d29c858841e3e7390a95721f395d906\\output\\res\\values-is-rIS\\values-is-rIS.xml",
                    "position": {
                        "startLine": 11,
                        "startColumn": 4,
                        "startOffset": 975,
                        "endColumn": 79,
                        "endOffset": 1050
                    }
                }
            },
            {
                "to": {
                    "startLine": 12,
                    "startColumn": 4,
                    "startOffset": 1055,
                    "endColumn": 80,
                    "endOffset": 1131
                },
                "from": {
                    "file": "C:\\Users\\ADMIN\\.android\\build-cache\\95f3ac9d8d29c858841e3e7390a95721f395d906\\output\\res\\values-is-rIS\\values-is-rIS.xml",
                    "position": {
                        "startLine": 12,
                        "startColumn": 4,
                        "startOffset": 1055,
                        "endColumn": 80,
                        "endOffset": 1131
                    }
                }
            },
            {
                "to": {
                    "startLine": 13,
                    "startColumn": 4,
                    "startOffset": 1136,
                    "endColumn": 109,
                    "endOffset": 1241
                },
                "from": {
                    "file": "C:\\Users\\ADMIN\\.android\\build-cache\\95f3ac9d8d29c858841e3e7390a95721f395d906\\output\\res\\values-is-rIS\\values-is-rIS.xml",
                    "position": {
                        "startLine": 13,
                        "startColumn": 4,
                        "startOffset": 1136,
                        "endColumn": 109,
                        "endOffset": 1241
                    }
                }
            },
            {
                "to": {
                    "startLine": 14,
                    "startColumn": 4,
                    "startOffset": 1246,
                    "endColumn": 107,
                    "endOffset": 1349
                },
                "from": {
                    "file": "C:\\Users\\ADMIN\\.android\\build-cache\\95f3ac9d8d29c858841e3e7390a95721f395d906\\output\\res\\values-is-rIS\\values-is-rIS.xml",
                    "position": {
                        "startLine": 14,
                        "startColumn": 4,
                        "startOffset": 1246,
                        "endColumn": 107,
                        "endOffset": 1349
                    }
                }
            },
            {
                "to": {
                    "startLine": 15,
                    "startColumn": 4,
                    "startOffset": 1354,
                    "endColumn": 97,
                    "endOffset": 1447
                },
                "from": {
                    "file": "C:\\Users\\ADMIN\\.android\\build-cache\\95f3ac9d8d29c858841e3e7390a95721f395d906\\output\\res\\values-is-rIS\\values-is-rIS.xml",
                    "position": {
                        "startLine": 15,
                        "startColumn": 4,
                        "startOffset": 1354,
                        "endColumn": 97,
                        "endOffset": 1447
                    }
                }
            },
            {
                "to": {
                    "startLine": 16,
                    "startColumn": 4,
                    "startOffset": 1452,
                    "endColumn": 108,
                    "endOffset": 1556
                },
                "from": {
                    "file": "C:\\Users\\ADMIN\\.android\\build-cache\\95f3ac9d8d29c858841e3e7390a95721f395d906\\output\\res\\values-is-rIS\\values-is-rIS.xml",
                    "position": {
                        "startLine": 16,
                        "startColumn": 4,
                        "startOffset": 1452,
                        "endColumn": 108,
                        "endOffset": 1556
                    }
                }
            },
            {
                "to": {
                    "startLine": 17,
                    "startColumn": 4,
                    "startOffset": 1561,
                    "endColumn": 98,
                    "endOffset": 1655
                },
                "from": {
                    "file": "C:\\Users\\ADMIN\\.android\\build-cache\\95f3ac9d8d29c858841e3e7390a95721f395d906\\output\\res\\values-is-rIS\\values-is-rIS.xml",
                    "position": {
                        "startLine": 17,
                        "startColumn": 4,
                        "startOffset": 1561,
                        "endColumn": 98,
                        "endOffset": 1655
                    }
                }
            },
            {
                "to": {
                    "startLine": 18,
                    "startColumn": 4,
                    "startOffset": 1660,
                    "endColumn": 102,
                    "endOffset": 1758
                },
                "from": {
                    "file": "C:\\Users\\ADMIN\\.android\\build-cache\\95f3ac9d8d29c858841e3e7390a95721f395d906\\output\\res\\values-is-rIS\\values-is-rIS.xml",
                    "position": {
                        "startLine": 18,
                        "startColumn": 4,
                        "startOffset": 1660,
                        "endColumn": 102,
                        "endOffset": 1758
                    }
                }
            },
            {
                "to": {
                    "startLine": 19,
                    "startColumn": 4,
                    "startOffset": 1763,
                    "endColumn": 117,
                    "endOffset": 1876
                },
                "from": {
                    "file": "C:\\Users\\ADMIN\\.android\\build-cache\\95f3ac9d8d29c858841e3e7390a95721f395d906\\output\\res\\values-is-rIS\\values-is-rIS.xml",
                    "position": {
                        "startLine": 19,
                        "startColumn": 4,
                        "startOffset": 1763,
                        "endColumn": 117,
                        "endOffset": 1876
                    }
                }
            },
            {
                "to": {
                    "startLine": 20,
                    "startColumn": 4,
                    "startOffset": 1881,
                    "endColumn": 97,
                    "endOffset": 1974
                },
                "from": {
                    "file": "C:\\Users\\ADMIN\\.android\\build-cache\\95f3ac9d8d29c858841e3e7390a95721f395d906\\output\\res\\values-is-rIS\\values-is-rIS.xml",
                    "position": {
                        "startLine": 20,
                        "startColumn": 4,
                        "startOffset": 1881,
                        "endColumn": 97,
                        "endOffset": 1974
                    }
                }
            },
            {
                "to": {
                    "startLine": 21,
                    "startColumn": 4,
                    "startOffset": 1979,
                    "endColumn": 108,
                    "endOffset": 2083
                },
                "from": {
                    "file": "C:\\Users\\ADMIN\\.android\\build-cache\\a2b3d40b12d9610bee7ce2deaedc414c5fd6b5b0\\output\\res\\values-is-rIS\\values-is-rIS.xml",
                    "position": {
                        "startLine": 4,
                        "startColumn": 4,
                        "startOffset": 282,
                        "endColumn": 108,
                        "endOffset": 386
                    }
                }
            },
            {
                "to": {
                    "startLine": 22,
                    "startColumn": 4,
                    "startOffset": 2088,
                    "endColumn": 108,
                    "endOffset": 2192
                },
                "from": {
                    "file": "C:\\Users\\ADMIN\\.android\\build-cache\\a2b3d40b12d9610bee7ce2deaedc414c5fd6b5b0\\output\\res\\values-is-rIS\\values-is-rIS.xml",
                    "position": {
                        "startLine": 5,
                        "startColumn": 4,
                        "startOffset": 391,
                        "endColumn": 108,
                        "endOffset": 495
                    }
                }
            },
            {
                "to": {
                    "startLine": 23,
                    "startColumn": 4,
                    "startOffset": 2197,
                    "endColumn": 100,
                    "endOffset": 2293
                },
                "from": {
                    "file": "C:\\Users\\ADMIN\\.android\\build-cache\\a2b3d40b12d9610bee7ce2deaedc414c5fd6b5b0\\output\\res\\values-is-rIS\\values-is-rIS.xml",
                    "position": {
                        "startLine": 6,
                        "startColumn": 4,
                        "startOffset": 500,
                        "endColumn": 100,
                        "endOffset": 596
                    }
                }
            },
            {
                "to": {
                    "startLine": 24,
                    "startColumn": 4,
                    "startOffset": 2298,
                    "endColumn": 102,
                    "endOffset": 2396
                },
                "from": {
                    "file": "C:\\Users\\ADMIN\\.android\\build-cache\\a2b3d40b12d9610bee7ce2deaedc414c5fd6b5b0\\output\\res\\values-is-rIS\\values-is-rIS.xml",
                    "position": {
                        "startLine": 7,
                        "startColumn": 4,
                        "startOffset": 601,
                        "endColumn": 102,
                        "endOffset": 699
                    }
                }
            },
            {
                "to": {
                    "startLine": 25,
                    "startColumn": 4,
                    "startOffset": 2401,
                    "endColumn": 126,
                    "endOffset": 2523
                },
                "from": {
                    "file": "C:\\Users\\ADMIN\\.android\\build-cache\\a2b3d40b12d9610bee7ce2deaedc414c5fd6b5b0\\output\\res\\values-is-rIS\\values-is-rIS.xml",
                    "position": {
                        "startLine": 8,
                        "startColumn": 4,
                        "startOffset": 704,
                        "endColumn": 126,
                        "endOffset": 826
                    }
                }
            },
            {
                "to": {
                    "startLine": 26,
                    "startColumn": 4,
                    "startOffset": 2528,
                    "endColumn": 93,
                    "endOffset": 2617
                },
                "from": {
                    "file": "C:\\Users\\ADMIN\\.android\\build-cache\\a2b3d40b12d9610bee7ce2deaedc414c5fd6b5b0\\output\\res\\values-is-rIS\\values-is-rIS.xml",
                    "position": {
                        "startLine": 9,
                        "startColumn": 4,
                        "startOffset": 831,
                        "endColumn": 93,
                        "endOffset": 920
                    }
                }
            },
            {
                "to": {
                    "startLine": 27,
                    "startColumn": 4,
                    "startOffset": 2622,
                    "endColumn": 94,
                    "endOffset": 2712
                },
                "from": {
                    "file": "C:\\Users\\ADMIN\\.android\\build-cache\\a2b3d40b12d9610bee7ce2deaedc414c5fd6b5b0\\output\\res\\values-is-rIS\\values-is-rIS.xml",
                    "position": {
                        "startLine": 10,
                        "startColumn": 4,
                        "startOffset": 925,
                        "endColumn": 94,
                        "endOffset": 1015
                    }
                }
            },
            {
                "to": {
                    "startLine": 28,
                    "startColumn": 4,
                    "startOffset": 2717,
                    "endColumn": 120,
                    "endOffset": 2833
                },
                "from": {
                    "file": "C:\\Users\\ADMIN\\.android\\build-cache\\a2b3d40b12d9610bee7ce2deaedc414c5fd6b5b0\\output\\res\\values-is-rIS\\values-is-rIS.xml",
                    "position": {
                        "startLine": 11,
                        "startColumn": 4,
                        "startOffset": 1020,
                        "endColumn": 120,
                        "endOffset": 1136
                    }
                }
            },
            {
                "to": {
                    "startLine": 29,
                    "startColumn": 4,
                    "startOffset": 2838,
                    "endColumn": 106,
                    "endOffset": 2940
                },
                "from": {
                    "file": "C:\\Users\\ADMIN\\.android\\build-cache\\a2b3d40b12d9610bee7ce2deaedc414c5fd6b5b0\\output\\res\\values-is-rIS\\values-is-rIS.xml",
                    "position": {
                        "startLine": 12,
                        "startColumn": 4,
                        "startOffset": 1141,
                        "endColumn": 106,
                        "endOffset": 1243
                    }
                }
            },
            {
                "to": {
                    "startLine": 30,
                    "startColumn": 4,
                    "startOffset": 2945,
                    "endColumn": 84,
                    "endOffset": 3025
                },
                "from": {
                    "file": "C:\\Users\\ADMIN\\.android\\build-cache\\a2b3d40b12d9610bee7ce2deaedc414c5fd6b5b0\\output\\res\\values-is-rIS\\values-is-rIS.xml",
                    "position": {
                        "startLine": 13,
                        "startColumn": 4,
                        "startOffset": 1248,
                        "endColumn": 84,
                        "endOffset": 1328
                    }
                }
            },
            {
                "to": {
                    "startLine": 31,
                    "startColumn": 4,
                    "startOffset": 3030,
                    "endColumn": 90,
                    "endOffset": 3116
                },
                "from": {
                    "file": "C:\\Users\\ADMIN\\.android\\build-cache\\a2b3d40b12d9610bee7ce2deaedc414c5fd6b5b0\\output\\res\\values-is-rIS\\values-is-rIS.xml",
                    "position": {
                        "startLine": 14,
                        "startColumn": 4,
                        "startOffset": 1333,
                        "endColumn": 90,
                        "endOffset": 1419
                    }
                }
            },
            {
                "to": {
                    "startLine": 32,
                    "startColumn": 4,
                    "startOffset": 3121,
                    "endColumn": 80,
                    "endOffset": 3197
                },
                "from": {
                    "file": "C:\\Users\\ADMIN\\.android\\build-cache\\95f3ac9d8d29c858841e3e7390a95721f395d906\\output\\res\\values-is-rIS\\values-is-rIS.xml",
                    "position": {
                        "startLine": 21,
                        "startColumn": 4,
                        "startOffset": 1979,
                        "endColumn": 80,
                        "endOffset": 2055
                    }
                }
            },
            {
                "to": {
                    "startLine": 33,
                    "startColumn": 4,
                    "startOffset": 3202,
                    "endColumn": 100,
                    "endOffset": 3298
                },
                "from": {
                    "file": "C:\\Users\\ADMIN\\.android\\build-cache\\95f3ac9d8d29c858841e3e7390a95721f395d906\\output\\res\\values-is-rIS\\values-is-rIS.xml",
                    "position": {
                        "startLine": 22,
                        "startColumn": 4,
                        "startOffset": 2060,
                        "endColumn": 100,
                        "endOffset": 2156
                    }
                }
            }
        ]
    }
]