[
    {
        "outputFile": "E:\\Android Studio\\Call recorders\\asfak\\CallRecorder\\app\\build\\intermediates\\incremental\\mergeDebugResources\\merged.dir\\values-ur-rPK\\values-ur-rPK.xml",
        "map": [
            {
                "to": {
                    "startLine": 2,
                    "startColumn": 4,
                    "startOffset": 55,
                    "endColumn": 109,
                    "endOffset": 160
                },
                "from": {
                    "file": "C:\\Users\\ADMIN\\.android\\build-cache\\95f3ac9d8d29c858841e3e7390a95721f395d906\\output\\res\\values-ur-rPK\\values-ur-rPK.xml",
                    "position": {
                        "startLine": 2,
                        "startColumn": 4,
                        "startOffset": 55,
                        "endColumn": 109,
                        "endOffset": 160
                    }
                }
            },
            {
                "to": {
                    "startLine": 3,
                    "startColumn": 4,
                    "startOffset": 165,
                    "endColumn": 107,
                    "endOffset": 268
                },
                "from": {
                    "file": "C:\\Users\\ADMIN\\.android\\build-cache\\95f3ac9d8d29c858841e3e7390a95721f395d906\\output\\res\\values-ur-rPK\\values-ur-rPK.xml",
                    "position": {
                        "startLine": 3,
                        "startColumn": 4,
                        "startOffset": 165,
                        "endColumn": 107,
                        "endOffset": 268
                    }
                }
            },
            {
                "to": {
                    "startLine": 4,
                    "startColumn": 4,
                    "startOffset": 273,
                    "endColumn": 122,
                    "endOffset": 391
                },
                "from": {
                    "file": "C:\\Users\\ADMIN\\.android\\build-cache\\95f3ac9d8d29c858841e3e7390a95721f395d906\\output\\res\\values-ur-rPK\\values-ur-rPK.xml",
                    "position": {
                        "startLine": 4,
                        "startColumn": 4,
                        "startOffset": 273,
                        "endColumn": 122,
                        "endOffset": 391
                    }
                }
            },
            {
                "to": {
                    "startLine": 5,
                    "startColumn": 4,
                    "startOffset": 396,
                    "endColumn": 105,
                    "endOffset": 497
                },
                "from": {
                    "file": "C:\\Users\\ADMIN\\.android\\build-cache\\95f3ac9d8d29c858841e3e7390a95721f395d906\\output\\res\\values-ur-rPK\\values-ur-rPK.xml",
                    "position": {
                        "startLine": 5,
                        "startColumn": 4,
                        "startOffset": 396,
                        "endColumn": 105,
                        "endOffset": 497
                    }
                }
            },
            {
                "to": {
                    "startLine": 6,
                    "startColumn": 4,
                    "startOffset": 502,
                    "endColumn": 108,
                    "endOffset": 606
                },
                "from": {
                    "file": "C:\\Users\\ADMIN\\.android\\build-cache\\95f3ac9d8d29c858841e3e7390a95721f395d906\\output\\res\\values-ur-rPK\\values-ur-rPK.xml",
                    "position": {
                        "startLine": 6,
                        "startColumn": 4,
                        "startOffset": 502,
                        "endColumn": 108,
                        "endOffset": 606
                    }
                }
            },
            {
                "to": {
                    "startLine": 7,
                    "startColumn": 4,
                    "startOffset": 611,
                    "endColumn": 85,
                    "endOffset": 692
                },
                "from": {
                    "file": "C:\\Users\\ADMIN\\.android\\build-cache\\95f3ac9d8d29c858841e3e7390a95721f395d906\\output\\res\\values-ur-rPK\\values-ur-rPK.xml",
                    "position": {
                        "startLine": 7,
                        "startColumn": 4,
                        "startOffset": 611,
                        "endColumn": 85,
                        "endOffset": 692
                    }
                }
            },
            {
                "to": {
                    "startLine": 8,
                    "startColumn": 4,
                    "startOffset": 697,
                    "endColumn": 103,
                    "endOffset": 796
                },
                "from": {
                    "file": "C:\\Users\\ADMIN\\.android\\build-cache\\95f3ac9d8d29c858841e3e7390a95721f395d906\\output\\res\\values-ur-rPK\\values-ur-rPK.xml",
                    "position": {
                        "startLine": 8,
                        "startColumn": 4,
                        "startOffset": 697,
                        "endColumn": 103,
                        "endOffset": 796
                    }
                }
            },
            {
                "to": {
                    "startLine": 9,
                    "startColumn": 4,
                    "startOffset": 801,
                    "endColumn": 119,
                    "endOffset": 916
                },
                "from": {
                    "file": "C:\\Users\\ADMIN\\.android\\build-cache\\95f3ac9d8d29c858841e3e7390a95721f395d906\\output\\res\\values-ur-rPK\\values-ur-rPK.xml",
                    "position": {
                        "startLine": 9,
                        "startColumn": 4,
                        "startOffset": 801,
                        "endColumn": 119,
                        "endOffset": 916
                    }
                }
            },
            {
                "to": {
                    "startLine": 10,
                    "startColumn": 4,
                    "startOffset": 921,
                    "endColumn": 75,
                    "endOffset": 992
                },
                "from": {
                    "file": "C:\\Users\\ADMIN\\.android\\build-cache\\95f3ac9d8d29c858841e3e7390a95721f395d906\\output\\res\\values-ur-rPK\\values-ur-rPK.xml",
                    "position": {
                        "startLine": 10,
                        "startColumn": 4,
                        "startOffset": 921,
                        "endColumn": 75,
                        "endOffset": 992
                    }
                }
            },
            {
                "to": {
                    "startLine": 11,
                    "startColumn": 4,
                    "startOffset": 997,
                    "endColumn": 75,
                    "endOffset": 1068
                },
                "from": {
                    "file": "C:\\Users\\ADMIN\\.android\\build-cache\\95f3ac9d8d29c858841e3e7390a95721f395d906\\output\\res\\values-ur-rPK\\values-ur-rPK.xml",
                    "position": {
                        "startLine": 11,
                        "startColumn": 4,
                        "startOffset": 997,
                        "endColumn": 75,
                        "endOffset": 1068
                    }
                }
            },
            {
                "to": {
                    "startLine": 12,
                    "startColumn": 4,
                    "startOffset": 1073,
                    "endColumn": 84,
                    "endOffset": 1153
                },
                "from": {
                    "file": "C:\\Users\\ADMIN\\.android\\build-cache\\95f3ac9d8d29c858841e3e7390a95721f395d906\\output\\res\\values-ur-rPK\\values-ur-rPK.xml",
                    "position": {
                        "startLine": 12,
                        "startColumn": 4,
                        "startOffset": 1073,
                        "endColumn": 84,
                        "endOffset": 1153
                    }
                }
            },
            {
                "to": {
                    "startLine": 13,
                    "startColumn": 4,
                    "startOffset": 1158,
                    "endColumn": 107,
                    "endOffset": 1261
                },
                "from": {
                    "file": "C:\\Users\\ADMIN\\.android\\build-cache\\95f3ac9d8d29c858841e3e7390a95721f395d906\\output\\res\\values-ur-rPK\\values-ur-rPK.xml",
                    "position": {
                        "startLine": 13,
                        "startColumn": 4,
                        "startOffset": 1158,
                        "endColumn": 107,
                        "endOffset": 1261
                    }
                }
            },
            {
                "to": {
                    "startLine": 14,
                    "startColumn": 4,
                    "startOffset": 1266,
                    "endColumn": 108,
                    "endOffset": 1370
                },
                "from": {
                    "file": "C:\\Users\\ADMIN\\.android\\build-cache\\95f3ac9d8d29c858841e3e7390a95721f395d906\\output\\res\\values-ur-rPK\\values-ur-rPK.xml",
                    "position": {
                        "startLine": 14,
                        "startColumn": 4,
                        "startOffset": 1266,
                        "endColumn": 108,
                        "endOffset": 1370
                    }
                }
            },
            {
                "to": {
                    "startLine": 15,
                    "startColumn": 4,
                    "startOffset": 1375,
                    "endColumn": 101,
                    "endOffset": 1472
                },
                "from": {
                    "file": "C:\\Users\\ADMIN\\.android\\build-cache\\95f3ac9d8d29c858841e3e7390a95721f395d906\\output\\res\\values-ur-rPK\\values-ur-rPK.xml",
                    "position": {
                        "startLine": 15,
                        "startColumn": 4,
                        "startOffset": 1375,
                        "endColumn": 101,
                        "endOffset": 1472
                    }
                }
            },
            {
                "to": {
                    "startLine": 16,
                    "startColumn": 4,
                    "startOffset": 1477,
                    "endColumn": 110,
                    "endOffset": 1583
                },
                "from": {
                    "file": "C:\\Users\\ADMIN\\.android\\build-cache\\95f3ac9d8d29c858841e3e7390a95721f395d906\\output\\res\\values-ur-rPK\\values-ur-rPK.xml",
                    "position": {
                        "startLine": 16,
                        "startColumn": 4,
                        "startOffset": 1477,
                        "endColumn": 110,
                        "endOffset": 1583
                    }
                }
            },
            {
                "to": {
                    "startLine": 17,
                    "startColumn": 4,
                    "startOffset": 1588,
                    "endColumn": 99,
                    "endOffset": 1683
                },
                "from": {
                    "file": "C:\\Users\\ADMIN\\.android\\build-cache\\95f3ac9d8d29c858841e3e7390a95721f395d906\\output\\res\\values-ur-rPK\\values-ur-rPK.xml",
                    "position": {
                        "startLine": 17,
                        "startColumn": 4,
                        "startOffset": 1588,
                        "endColumn": 99,
                        "endOffset": 1683
                    }
                }
            },
            {
                "to": {
                    "startLine": 18,
                    "startColumn": 4,
                    "startOffset": 1688,
                    "endColumn": 107,
                    "endOffset": 1791
                },
                "from": {
                    "file": "C:\\Users\\ADMIN\\.android\\build-cache\\95f3ac9d8d29c858841e3e7390a95721f395d906\\output\\res\\values-ur-rPK\\values-ur-rPK.xml",
                    "position": {
                        "startLine": 18,
                        "startColumn": 4,
                        "startOffset": 1688,
                        "endColumn": 107,
                        "endOffset": 1791
                    }
                }
            },
            {
                "to": {
                    "startLine": 19,
                    "startColumn": 4,
                    "startOffset": 1796,
                    "endColumn": 128,
                    "endOffset": 1920
                },
                "from": {
                    "file": "C:\\Users\\ADMIN\\.android\\build-cache\\95f3ac9d8d29c858841e3e7390a95721f395d906\\output\\res\\values-ur-rPK\\values-ur-rPK.xml",
                    "position": {
                        "startLine": 19,
                        "startColumn": 4,
                        "startOffset": 1796,
                        "endColumn": 128,
                        "endOffset": 1920
                    }
                }
            },
            {
                "to": {
                    "startLine": 20,
                    "startColumn": 4,
                    "startOffset": 1925,
                    "endColumn": 97,
                    "endOffset": 2018
                },
                "from": {
                    "file": "C:\\Users\\ADMIN\\.android\\build-cache\\95f3ac9d8d29c858841e3e7390a95721f395d906\\output\\res\\values-ur-rPK\\values-ur-rPK.xml",
                    "position": {
                        "startLine": 20,
                        "startColumn": 4,
                        "startOffset": 1925,
                        "endColumn": 97,
                        "endOffset": 2018
                    }
                }
            },
            {
                "to": {
                    "startLine": 21,
                    "startColumn": 4,
                    "startOffset": 2023,
                    "endColumn": 109,
                    "endOffset": 2128
                },
                "from": {
                    "file": "C:\\Users\\ADMIN\\.android\\build-cache\\a2b3d40b12d9610bee7ce2deaedc414c5fd6b5b0\\output\\res\\values-ur-rPK\\values-ur-rPK.xml",
                    "position": {
                        "startLine": 4,
                        "startColumn": 4,
                        "startOffset": 282,
                        "endColumn": 109,
                        "endOffset": 387
                    }
                }
            },
            {
                "to": {
                    "startLine": 22,
                    "startColumn": 4,
                    "startOffset": 2133,
                    "endColumn": 111,
                    "endOffset": 2240
                },
                "from": {
                    "file": "C:\\Users\\ADMIN\\.android\\build-cache\\a2b3d40b12d9610bee7ce2deaedc414c5fd6b5b0\\output\\res\\values-ur-rPK\\values-ur-rPK.xml",
                    "position": {
                        "startLine": 5,
                        "startColumn": 4,
                        "startOffset": 392,
                        "endColumn": 111,
                        "endOffset": 499
                    }
                }
            },
            {
                "to": {
                    "startLine": 23,
                    "startColumn": 4,
                    "startOffset": 2245,
                    "endColumn": 103,
                    "endOffset": 2344
                },
                "from": {
                    "file": "C:\\Users\\ADMIN\\.android\\build-cache\\a2b3d40b12d9610bee7ce2deaedc414c5fd6b5b0\\output\\res\\values-ur-rPK\\values-ur-rPK.xml",
                    "position": {
                        "startLine": 6,
                        "startColumn": 4,
                        "startOffset": 504,
                        "endColumn": 103,
                        "endOffset": 603
                    }
                }
            },
            {
                "to": {
                    "startLine": 24,
                    "startColumn": 4,
                    "startOffset": 2349,
                    "endColumn": 108,
                    "endOffset": 2453
                },
                "from": {
                    "file": "C:\\Users\\ADMIN\\.android\\build-cache\\a2b3d40b12d9610bee7ce2deaedc414c5fd6b5b0\\output\\res\\values-ur-rPK\\values-ur-rPK.xml",
                    "position": {
                        "startLine": 7,
                        "startColumn": 4,
                        "startOffset": 608,
                        "endColumn": 108,
                        "endOffset": 712
                    }
                }
            },
            {
                "to": {
                    "startLine": 25,
                    "startColumn": 4,
                    "startOffset": 2458,
                    "endColumn": 126,
                    "endOffset": 2580
                },
                "from": {
                    "file": "C:\\Users\\ADMIN\\.android\\build-cache\\a2b3d40b12d9610bee7ce2deaedc414c5fd6b5b0\\output\\res\\values-ur-rPK\\values-ur-rPK.xml",
                    "position": {
                        "startLine": 8,
                        "startColumn": 4,
                        "startOffset": 717,
                        "endColumn": 126,
                        "endOffset": 839
                    }
                }
            },
            {
                "to": {
                    "startLine": 26,
                    "startColumn": 4,
                    "startOffset": 2585,
                    "endColumn": 100,
                    "endOffset": 2681
                },
                "from": {
                    "file": "C:\\Users\\ADMIN\\.android\\build-cache\\a2b3d40b12d9610bee7ce2deaedc414c5fd6b5b0\\output\\res\\values-ur-rPK\\values-ur-rPK.xml",
                    "position": {
                        "startLine": 9,
                        "startColumn": 4,
                        "startOffset": 844,
                        "endColumn": 100,
                        "endOffset": 940
                    }
                }
            },
            {
                "to": {
                    "startLine": 27,
                    "startColumn": 4,
                    "startOffset": 2686,
                    "endColumn": 95,
                    "endOffset": 2777
                },
                "from": {
                    "file": "C:\\Users\\ADMIN\\.android\\build-cache\\a2b3d40b12d9610bee7ce2deaedc414c5fd6b5b0\\output\\res\\values-ur-rPK\\values-ur-rPK.xml",
                    "position": {
                        "startLine": 10,
                        "startColumn": 4,
                        "startOffset": 945,
                        "endColumn": 95,
                        "endOffset": 1036
                    }
                }
            },
            {
                "to": {
                    "startLine": 28,
                    "startColumn": 4,
                    "startOffset": 2782,
                    "endColumn": 118,
                    "endOffset": 2896
                },
                "from": {
                    "file": "C:\\Users\\ADMIN\\.android\\build-cache\\a2b3d40b12d9610bee7ce2deaedc414c5fd6b5b0\\output\\res\\values-ur-rPK\\values-ur-rPK.xml",
                    "position": {
                        "startLine": 11,
                        "startColumn": 4,
                        "startOffset": 1041,
                        "endColumn": 118,
                        "endOffset": 1155
                    }
                }
            },
            {
                "to": {
                    "startLine": 29,
                    "startColumn": 4,
                    "startOffset": 2901,
                    "endColumn": 107,
                    "endOffset": 3004
                },
                "from": {
                    "file": "C:\\Users\\ADMIN\\.android\\build-cache\\a2b3d40b12d9610bee7ce2deaedc414c5fd6b5b0\\output\\res\\values-ur-rPK\\values-ur-rPK.xml",
                    "position": {
                        "startLine": 12,
                        "startColumn": 4,
                        "startOffset": 1160,
                        "endColumn": 107,
                        "endOffset": 1263
                    }
                }
            },
            {
                "to": {
                    "startLine": 30,
                    "startColumn": 4,
                    "startOffset": 3009,
                    "endColumn": 83,
                    "endOffset": 3088
                },
                "from": {
                    "file": "C:\\Users\\ADMIN\\.android\\build-cache\\a2b3d40b12d9610bee7ce2deaedc414c5fd6b5b0\\output\\res\\values-ur-rPK\\values-ur-rPK.xml",
                    "position": {
                        "startLine": 13,
                        "startColumn": 4,
                        "startOffset": 1268,
                        "endColumn": 83,
                        "endOffset": 1347
                    }
                }
            },
            {
                "to": {
                    "startLine": 31,
                    "startColumn": 4,
                    "startOffset": 3093,
                    "endColumn": 90,
                    "endOffset": 3179
                },
                "from": {
                    "file": "C:\\Users\\ADMIN\\.android\\build-cache\\a2b3d40b12d9610bee7ce2deaedc414c5fd6b5b0\\output\\res\\values-ur-rPK\\values-ur-rPK.xml",
                    "position": {
                        "startLine": 14,
                        "startColumn": 4,
                        "startOffset": 1352,
                        "endColumn": 90,
                        "endOffset": 1438
                    }
                }
            },
            {
                "to": {
                    "startLine": 32,
                    "startColumn": 4,
                    "startOffset": 3184,
                    "endColumn": 79,
                    "endOffset": 3259
                },
                "from": {
                    "file": "C:\\Users\\ADMIN\\.android\\build-cache\\95f3ac9d8d29c858841e3e7390a95721f395d906\\output\\res\\values-ur-rPK\\values-ur-rPK.xml",
                    "position": {
                        "startLine": 21,
                        "startColumn": 4,
                        "startOffset": 2023,
                        "endColumn": 79,
                        "endOffset": 2098
                    }
                }
            },
            {
                "to": {
                    "startLine": 33,
                    "startColumn": 4,
                    "startOffset": 3264,
                    "endColumn": 102,
                    "endOffset": 3362
                },
                "from": {
                    "file": "C:\\Users\\ADMIN\\.android\\build-cache\\95f3ac9d8d29c858841e3e7390a95721f395d906\\output\\res\\values-ur-rPK\\values-ur-rPK.xml",
                    "position": {
                        "startLine": 22,
                        "startColumn": 4,
                        "startOffset": 2103,
                        "endColumn": 102,
                        "endOffset": 2201
                    }
                }
            }
        ]
    }
]