[
    {
        "outputFile": "E:\\Android Studio\\Call recorders\\asfak\\CallRecorder\\app\\build\\intermediates\\incremental\\mergeDebugResources\\merged.dir\\values-ja-rJP\\values-ja-rJP.xml",
        "map": [
            {
                "to": {
                    "startLine": 2,
                    "startColumn": 4,
                    "startOffset": 55,
                    "endColumn": 35,
                    "endOffset": 86
                },
                "from": {
                    "file": "E:\\Android Studio\\Call recorders\\asfak\\CallRecorder\\app\\src\\main\\res\\values-ja-rJP\\String.xml",
                    "position": {
                        "startLine": 29,
                        "startColumn": 4,
                        "startOffset": 1311,
                        "endColumn": 35,
                        "endOffset": 1342
                    }
                }
            },
            {
                "to": {
                    "startLine": 3,
                    "startColumn": 4,
                    "startOffset": 91,
                    "endColumn": 51,
                    "endOffset": 138
                },
                "from": {
                    "file": "E:\\Android Studio\\Call recorders\\asfak\\CallRecorder\\app\\src\\main\\res\\values-ja-rJP\\String.xml",
                    "position": {
                        "startLine": 13,
                        "startColumn": 4,
                        "startOffset": 640,
                        "endColumn": 51,
                        "endOffset": 687
                    }
                }
            },
            {
                "to": {
                    "startLine": 4,
                    "startColumn": 4,
                    "startOffset": 143,
                    "endColumn": 39,
                    "endOffset": 178
                },
                "from": {
                    "file": "E:\\Android Studio\\Call recorders\\asfak\\CallRecorder\\app\\src\\main\\res\\values-ja-rJP\\String.xml",
                    "position": {
                        "startLine": 25,
                        "startColumn": 4,
                        "startOffset": 1122,
                        "endColumn": 39,
                        "endOffset": 1157
                    }
                }
            },
            {
                "to": {
                    "startLine": 5,
                    "startColumn": 4,
                    "startOffset": 183,
                    "endColumn": 35,
                    "endOffset": 214
                },
                "from": {
                    "file": "E:\\Android Studio\\Call recorders\\asfak\\CallRecorder\\app\\src\\main\\res\\values-ja-rJP\\String.xml",
                    "position": {
                        "startLine": 76,
                        "startColumn": 4,
                        "startOffset": 3339,
                        "endColumn": 35,
                        "endOffset": 3370
                    }
                }
            },
            {
                "to": {
                    "startLine": 6,
                    "startColumn": 4,
                    "startOffset": 219,
                    "endColumn": 58,
                    "endOffset": 273
                },
                "from": {
                    "file": "E:\\Android Studio\\Call recorders\\asfak\\CallRecorder\\app\\src\\main\\res\\values-ja-rJP\\String.xml",
                    "position": {
                        "startLine": 77,
                        "startColumn": 4,
                        "startOffset": 3376,
                        "endColumn": 58,
                        "endOffset": 3430
                    }
                }
            },
            {
                "to": {
                    "startLine": 7,
                    "startColumn": 4,
                    "startOffset": 278,
                    "endColumn": 34,
                    "endOffset": 308
                },
                "from": {
                    "file": "E:\\Android Studio\\Call recorders\\asfak\\CallRecorder\\app\\src\\main\\res\\values-ja-rJP\\String.xml",
                    "position": {
                        "startLine": 56,
                        "startColumn": 4,
                        "startOffset": 2463,
                        "endColumn": 34,
                        "endOffset": 2493
                    }
                }
            },
            {
                "to": {
                    "startLine": 8,
                    "startColumn": 4,
                    "startOffset": 313,
                    "endColumn": 52,
                    "endOffset": 361
                },
                "from": {
                    "file": "E:\\Android Studio\\Call recorders\\asfak\\CallRecorder\\app\\src\\main\\res\\values-ja-rJP\\String.xml",
                    "position": {
                        "startLine": 115,
                        "startColumn": 4,
                        "startOffset": 4610,
                        "endColumn": 52,
                        "endOffset": 4658
                    }
                }
            },
            {
                "to": {
                    "startLine": 9,
                    "startColumn": 4,
                    "startOffset": 366,
                    "endColumn": 50,
                    "endOffset": 412
                },
                "from": {
                    "file": "E:\\Android Studio\\Call recorders\\asfak\\CallRecorder\\app\\src\\main\\res\\values-ja-rJP\\String.xml",
                    "position": {
                        "startLine": 87,
                        "startColumn": 4,
                        "startOffset": 3745,
                        "endColumn": 50,
                        "endOffset": 3791
                    }
                }
            },
            {
                "to": {
                    "startLine": 10,
                    "startColumn": 4,
                    "startOffset": 417,
                    "endColumn": 41,
                    "endOffset": 454
                },
                "from": {
                    "file": "E:\\Android Studio\\Call recorders\\asfak\\CallRecorder\\app\\src\\main\\res\\values-ja-rJP\\String.xml",
                    "position": {
                        "startLine": 50,
                        "startColumn": 4,
                        "startOffset": 2224,
                        "endColumn": 41,
                        "endOffset": 2261
                    }
                }
            },
            {
                "to": {
                    "startLine": 11,
                    "startColumn": 4,
                    "startOffset": 459,
                    "endColumn": 43,
                    "endOffset": 498
                },
                "from": {
                    "file": "E:\\Android Studio\\Call recorders\\asfak\\CallRecorder\\app\\src\\main\\res\\values-ja-rJP\\String.xml",
                    "position": {
                        "startLine": 78,
                        "startColumn": 4,
                        "startOffset": 3436,
                        "endColumn": 43,
                        "endOffset": 3475
                    }
                }
            },
            {
                "to": {
                    "startLine": 12,
                    "startColumn": 4,
                    "startOffset": 503,
                    "endColumn": 49,
                    "endOffset": 548
                },
                "from": {
                    "file": "E:\\Android Studio\\Call recorders\\asfak\\CallRecorder\\app\\src\\main\\res\\values-ja-rJP\\String.xml",
                    "position": {
                        "startLine": 54,
                        "startColumn": 4,
                        "startOffset": 2344,
                        "endColumn": 49,
                        "endOffset": 2389
                    }
                }
            },
            {
                "to": {
                    "startLine": 13,
                    "startColumn": 4,
                    "startOffset": 553,
                    "endColumn": 52,
                    "endOffset": 601
                },
                "from": {
                    "file": "E:\\Android Studio\\Call recorders\\asfak\\CallRecorder\\app\\src\\main\\res\\values-ja-rJP\\String.xml",
                    "position": {
                        "startLine": 28,
                        "startColumn": 4,
                        "startOffset": 1257,
                        "endColumn": 52,
                        "endOffset": 1305
                    }
                }
            },
            {
                "to": {
                    "startLine": 14,
                    "startColumn": 4,
                    "startOffset": 606,
                    "endColumn": 48,
                    "endOffset": 650
                },
                "from": {
                    "file": "E:\\Android Studio\\Call recorders\\asfak\\CallRecorder\\app\\src\\main\\res\\values-ja-rJP\\String.xml",
                    "position": {
                        "startLine": 26,
                        "startColumn": 4,
                        "startOffset": 1163,
                        "endColumn": 48,
                        "endOffset": 1207
                    }
                }
            },
            {
                "to": {
                    "startLine": 15,
                    "startColumn": 4,
                    "startOffset": 655,
                    "endColumn": 52,
                    "endOffset": 703
                },
                "from": {
                    "file": "E:\\Android Studio\\Call recorders\\asfak\\CallRecorder\\app\\src\\main\\res\\values-ja-rJP\\String.xml",
                    "position": {
                        "startLine": 31,
                        "startColumn": 4,
                        "startOffset": 1391,
                        "endColumn": 52,
                        "endOffset": 1439
                    }
                }
            },
            {
                "to": {
                    "startLine": 16,
                    "startColumn": 4,
                    "startOffset": 708,
                    "endColumn": 55,
                    "endOffset": 759
                },
                "from": {
                    "file": "E:\\Android Studio\\Call recorders\\asfak\\CallRecorder\\app\\src\\main\\res\\values-ja-rJP\\String.xml",
                    "position": {
                        "startLine": 22,
                        "startColumn": 4,
                        "startOffset": 1061,
                        "endColumn": 55,
                        "endOffset": 1112
                    }
                }
            },
            {
                "to": {
                    "startLine": 17,
                    "startColumn": 4,
                    "startOffset": 764,
                    "endColumn": 45,
                    "endOffset": 805
                },
                "from": {
                    "file": "E:\\Android Studio\\Call recorders\\asfak\\CallRecorder\\app\\src\\main\\res\\values-ja-rJP\\String.xml",
                    "position": {
                        "startLine": 33,
                        "startColumn": 4,
                        "startOffset": 1504,
                        "endColumn": 45,
                        "endOffset": 1545
                    }
                }
            },
            {
                "to": {
                    "startLine": 18,
                    "startColumn": 4,
                    "startOffset": 810,
                    "endColumn": 40,
                    "endOffset": 846
                },
                "from": {
                    "file": "E:\\Android Studio\\Call recorders\\asfak\\CallRecorder\\app\\src\\main\\res\\values-ja-rJP\\String.xml",
                    "position": {
                        "startLine": 151,
                        "startColumn": 4,
                        "startOffset": 6058,
                        "endColumn": 40,
                        "endOffset": 6094
                    }
                }
            },
            {
                "to": {
                    "startLine": 19,
                    "startColumn": 4,
                    "startOffset": 851,
                    "endColumn": 36,
                    "endOffset": 883
                },
                "from": {
                    "file": "E:\\Android Studio\\Call recorders\\asfak\\CallRecorder\\app\\src\\main\\res\\values-ja-rJP\\String.xml",
                    "position": {
                        "startLine": 85,
                        "startColumn": 4,
                        "startOffset": 3656,
                        "endColumn": 36,
                        "endOffset": 3688
                    }
                }
            },
            {
                "to": {
                    "startLine": 20,
                    "startColumn": 4,
                    "startOffset": 888,
                    "endColumn": 44,
                    "endOffset": 928
                },
                "from": {
                    "file": "E:\\Android Studio\\Call recorders\\asfak\\CallRecorder\\app\\src\\main\\res\\values-ja-rJP\\String.xml",
                    "position": {
                        "startLine": 139,
                        "startColumn": 4,
                        "startOffset": 5463,
                        "endColumn": 44,
                        "endOffset": 5503
                    }
                }
            },
            {
                "to": {
                    "startLine": 21,
                    "startColumn": 4,
                    "startOffset": 933,
                    "endColumn": 49,
                    "endOffset": 978
                },
                "from": {
                    "file": "E:\\Android Studio\\Call recorders\\asfak\\CallRecorder\\app\\src\\main\\res\\values-ja-rJP\\String.xml",
                    "position": {
                        "startLine": 117,
                        "startColumn": 4,
                        "startOffset": 4666,
                        "endColumn": 49,
                        "endOffset": 4711
                    }
                }
            },
            {
                "to": {
                    "startLine": 22,
                    "startColumn": 4,
                    "startOffset": 983,
                    "endColumn": 60,
                    "endOffset": 1039
                },
                "from": {
                    "file": "E:\\Android Studio\\Call recorders\\asfak\\CallRecorder\\app\\src\\main\\res\\values-ja-rJP\\String.xml",
                    "position": {
                        "startLine": 120,
                        "startColumn": 4,
                        "startOffset": 4793,
                        "endColumn": 60,
                        "endOffset": 4849
                    }
                }
            },
            {
                "to": {
                    "startLine": 23,
                    "startColumn": 4,
                    "startOffset": 1044,
                    "endColumn": 44,
                    "endOffset": 1084
                },
                "from": {
                    "file": "E:\\Android Studio\\Call recorders\\asfak\\CallRecorder\\app\\src\\main\\res\\values-ja-rJP\\String.xml",
                    "position": {
                        "startLine": 104,
                        "startColumn": 4,
                        "startOffset": 4251,
                        "endColumn": 44,
                        "endOffset": 4291
                    }
                }
            },
            {
                "to": {
                    "startLine": 24,
                    "startColumn": 4,
                    "startOffset": 1089,
                    "endColumn": 40,
                    "endOffset": 1125
                },
                "from": {
                    "file": "E:\\Android Studio\\Call recorders\\asfak\\CallRecorder\\app\\src\\main\\res\\values-ja-rJP\\String.xml",
                    "position": {
                        "startLine": 57,
                        "startColumn": 4,
                        "startOffset": 2499,
                        "endColumn": 40,
                        "endOffset": 2535
                    }
                }
            },
            {
                "to": {
                    "startLine": 25,
                    "startColumn": 4,
                    "startOffset": 1130,
                    "endColumn": 35,
                    "endOffset": 1161
                },
                "from": {
                    "file": "E:\\Android Studio\\Call recorders\\asfak\\CallRecorder\\app\\src\\main\\res\\values-ja-rJP\\String.xml",
                    "position": {
                        "startLine": 62,
                        "startColumn": 4,
                        "startOffset": 2657,
                        "endColumn": 35,
                        "endOffset": 2688
                    }
                }
            },
            {
                "to": {
                    "startLine": 26,
                    "startColumn": 4,
                    "startOffset": 1166,
                    "endColumn": 50,
                    "endOffset": 1212
                },
                "from": {
                    "file": "E:\\Android Studio\\Call recorders\\asfak\\CallRecorder\\app\\src\\main\\res\\values-ja-rJP\\String.xml",
                    "position": {
                        "startLine": 63,
                        "startColumn": 4,
                        "startOffset": 2694,
                        "endColumn": 50,
                        "endOffset": 2740
                    }
                }
            },
            {
                "to": {
                    "startLine": 27,
                    "startColumn": 4,
                    "startOffset": 1217,
                    "endColumn": 52,
                    "endOffset": 1265
                },
                "from": {
                    "file": "E:\\Android Studio\\Call recorders\\asfak\\CallRecorder\\app\\src\\main\\res\\values-ja-rJP\\String.xml",
                    "position": {
                        "startLine": 147,
                        "startColumn": 4,
                        "startOffset": 5853,
                        "endColumn": 52,
                        "endOffset": 5901
                    }
                }
            },
            {
                "to": {
                    "startLine": 28,
                    "startColumn": 4,
                    "startOffset": 1270,
                    "endColumn": 49,
                    "endOffset": 1315
                },
                "from": {
                    "file": "E:\\Android Studio\\Call recorders\\asfak\\CallRecorder\\app\\src\\main\\res\\values-ja-rJP\\String.xml",
                    "position": {
                        "startLine": 86,
                        "startColumn": 4,
                        "startOffset": 3694,
                        "endColumn": 49,
                        "endOffset": 3739
                    }
                }
            },
            {
                "to": {
                    "startLine": 29,
                    "startColumn": 4,
                    "startOffset": 1320,
                    "endColumn": 52,
                    "endOffset": 1368
                },
                "from": {
                    "file": "E:\\Android Studio\\Call recorders\\asfak\\CallRecorder\\app\\src\\main\\res\\values-ja-rJP\\String.xml",
                    "position": {
                        "startLine": 42,
                        "startColumn": 4,
                        "startOffset": 1874,
                        "endColumn": 52,
                        "endOffset": 1922
                    }
                }
            },
            {
                "to": {
                    "startLine": 30,
                    "startColumn": 4,
                    "startOffset": 1373,
                    "endColumn": 52,
                    "endOffset": 1421
                },
                "from": {
                    "file": "E:\\Android Studio\\Call recorders\\asfak\\CallRecorder\\app\\src\\main\\res\\values-ja-rJP\\String.xml",
                    "position": {
                        "startLine": 40,
                        "startColumn": 4,
                        "startOffset": 1757,
                        "endColumn": 52,
                        "endOffset": 1805
                    }
                }
            },
            {
                "to": {
                    "startLine": 31,
                    "startColumn": 4,
                    "startOffset": 1426,
                    "endColumn": 55,
                    "endOffset": 1477
                },
                "from": {
                    "file": "E:\\Android Studio\\Call recorders\\asfak\\CallRecorder\\app\\src\\main\\res\\values-ja-rJP\\String.xml",
                    "position": {
                        "startLine": 44,
                        "startColumn": 4,
                        "startOffset": 1993,
                        "endColumn": 55,
                        "endOffset": 2044
                    }
                }
            },
            {
                "to": {
                    "startLine": 32,
                    "startColumn": 4,
                    "startOffset": 1482,
                    "endColumn": 48,
                    "endOffset": 1526
                },
                "from": {
                    "file": "E:\\Android Studio\\Call recorders\\asfak\\CallRecorder\\app\\src\\main\\res\\values-ja-rJP\\String.xml",
                    "position": {
                        "startLine": 38,
                        "startColumn": 4,
                        "startOffset": 1659,
                        "endColumn": 48,
                        "endOffset": 1703
                    }
                }
            },
            {
                "to": {
                    "startLine": 33,
                    "startColumn": 4,
                    "startOffset": 1531,
                    "endColumn": 38,
                    "endOffset": 1565
                },
                "from": {
                    "file": "E:\\Android Studio\\Call recorders\\asfak\\CallRecorder\\app\\src\\main\\res\\values-ja-rJP\\String.xml",
                    "position": {
                        "startLine": 150,
                        "startColumn": 4,
                        "startOffset": 6018,
                        "endColumn": 38,
                        "endOffset": 6052
                    }
                }
            },
            {
                "to": {
                    "startLine": 34,
                    "startColumn": 4,
                    "startOffset": 1570,
                    "endColumn": 37,
                    "endOffset": 1603
                },
                "from": {
                    "file": "E:\\Android Studio\\Call recorders\\asfak\\CallRecorder\\app\\src\\main\\res\\values-ja-rJP\\String.xml",
                    "position": {
                        "startLine": 82,
                        "startColumn": 4,
                        "startOffset": 3523,
                        "endColumn": 37,
                        "endOffset": 3556
                    }
                }
            },
            {
                "to": {
                    "startLine": 35,
                    "startColumn": 4,
                    "startOffset": 1608,
                    "endColumn": 61,
                    "endOffset": 1665
                },
                "from": {
                    "file": "E:\\Android Studio\\Call recorders\\asfak\\CallRecorder\\app\\src\\main\\res\\values-ja-rJP\\String.xml",
                    "position": {
                        "startLine": 34,
                        "startColumn": 4,
                        "startOffset": 1551,
                        "endColumn": 61,
                        "endOffset": 1608
                    }
                }
            },
            {
                "to": {
                    "startLine": 36,
                    "startColumn": 4,
                    "startOffset": 1670,
                    "endColumn": 54,
                    "endOffset": 1720
                },
                "from": {
                    "file": "E:\\Android Studio\\Call recorders\\asfak\\CallRecorder\\app\\src\\main\\res\\values-ja-rJP\\String.xml",
                    "position": {
                        "startLine": 111,
                        "startColumn": 4,
                        "startOffset": 4510,
                        "endColumn": 54,
                        "endOffset": 4560
                    }
                }
            },
            {
                "to": {
                    "startLine": 37,
                    "startColumn": 4,
                    "startOffset": 1725,
                    "endColumn": 53,
                    "endOffset": 1774
                },
                "from": {
                    "file": "E:\\Android Studio\\Call recorders\\asfak\\CallRecorder\\app\\src\\main\\res\\values-ja-rJP\\String.xml",
                    "position": {
                        "startLine": 83,
                        "startColumn": 4,
                        "startOffset": 3562,
                        "endColumn": 53,
                        "endOffset": 3611
                    }
                }
            },
            {
                "to": {
                    "startLine": 38,
                    "startColumn": 4,
                    "startOffset": 1779,
                    "endColumn": 40,
                    "endOffset": 1815
                },
                "from": {
                    "file": "E:\\Android Studio\\Call recorders\\asfak\\CallRecorder\\app\\src\\main\\res\\values-ja-rJP\\String.xml",
                    "position": {
                        "startLine": 145,
                        "startColumn": 4,
                        "startOffset": 5762,
                        "endColumn": 40,
                        "endOffset": 5798
                    }
                }
            },
            {
                "to": {
                    "startLine": 39,
                    "startColumn": 4,
                    "startOffset": 1820,
                    "endColumn": 40,
                    "endOffset": 1856
                },
                "from": {
                    "file": "E:\\Android Studio\\Call recorders\\asfak\\CallRecorder\\app\\src\\main\\res\\values-ja-rJP\\String.xml",
                    "position": {
                        "startLine": 66,
                        "startColumn": 4,
                        "startOffset": 2840,
                        "endColumn": 40,
                        "endOffset": 2876
                    }
                }
            },
            {
                "to": {
                    "startLine": 40,
                    "startColumn": 4,
                    "startOffset": 1861,
                    "endColumn": 84,
                    "endOffset": 1941
                },
                "from": {
                    "file": "E:\\Android Studio\\Call recorders\\asfak\\CallRecorder\\app\\src\\main\\res\\values-ja-rJP\\String.xml",
                    "position": {
                        "startLine": 16,
                        "startColumn": 4,
                        "startOffset": 849,
                        "endColumn": 84,
                        "endOffset": 929
                    }
                }
            },
            {
                "to": {
                    "startLine": 41,
                    "startColumn": 4,
                    "startOffset": 1946,
                    "endColumn": 39,
                    "endOffset": 1981
                },
                "from": {
                    "file": "E:\\Android Studio\\Call recorders\\asfak\\CallRecorder\\app\\src\\main\\res\\values-ja-rJP\\String.xml",
                    "position": {
                        "startLine": 128,
                        "startColumn": 4,
                        "startOffset": 5039,
                        "endColumn": 39,
                        "endOffset": 5074
                    }
                }
            },
            {
                "to": {
                    "startLine": 42,
                    "startColumn": 4,
                    "startOffset": 1986,
                    "endColumn": 45,
                    "endOffset": 2027
                },
                "from": {
                    "file": "E:\\Android Studio\\Call recorders\\asfak\\CallRecorder\\app\\src\\main\\res\\values-ja-rJP\\String.xml",
                    "position": {
                        "startLine": 91,
                        "startColumn": 4,
                        "startOffset": 3840,
                        "endColumn": 45,
                        "endOffset": 3881
                    }
                }
            },
            {
                "to": {
                    "startLine": 43,
                    "startColumn": 4,
                    "startOffset": 2032,
                    "endColumn": 51,
                    "endOffset": 2079
                },
                "from": {
                    "file": "E:\\Android Studio\\Call recorders\\asfak\\CallRecorder\\app\\src\\main\\res\\values-ja-rJP\\String.xml",
                    "position": {
                        "startLine": 92,
                        "startColumn": 4,
                        "startOffset": 3887,
                        "endColumn": 51,
                        "endOffset": 3934
                    }
                }
            },
            {
                "to": {
                    "startLine": 44,
                    "startColumn": 4,
                    "startOffset": 2084,
                    "endColumn": 39,
                    "endOffset": 2119
                },
                "from": {
                    "file": "E:\\Android Studio\\Call recorders\\asfak\\CallRecorder\\app\\src\\main\\res\\values-ja-rJP\\String.xml",
                    "position": {
                        "startLine": 37,
                        "startColumn": 4,
                        "startOffset": 1618,
                        "endColumn": 39,
                        "endOffset": 1653
                    }
                }
            },
            {
                "to": {
                    "startLine": 45,
                    "startColumn": 4,
                    "startOffset": 2124,
                    "endColumn": 47,
                    "endOffset": 2167
                },
                "from": {
                    "file": "E:\\Android Studio\\Call recorders\\asfak\\CallRecorder\\app\\src\\main\\res\\values-ja-rJP\\String.xml",
                    "position": {
                        "startLine": 146,
                        "startColumn": 4,
                        "startOffset": 5804,
                        "endColumn": 47,
                        "endOffset": 5847
                    }
                }
            },
            {
                "to": {
                    "startLine": 46,
                    "startColumn": 4,
                    "startOffset": 2172,
                    "endColumn": 46,
                    "endOffset": 2214
                },
                "from": {
                    "file": "E:\\Android Studio\\Call recorders\\asfak\\CallRecorder\\app\\src\\main\\res\\values-ja-rJP\\String.xml",
                    "position": {
                        "startLine": 96,
                        "startColumn": 4,
                        "startOffset": 3986,
                        "endColumn": 46,
                        "endOffset": 4028
                    }
                }
            },
            {
                "to": {
                    "startLine": 47,
                    "startColumn": 4,
                    "startOffset": 2219,
                    "endColumn": 38,
                    "endOffset": 2253
                },
                "from": {
                    "file": "E:\\Android Studio\\Call recorders\\asfak\\CallRecorder\\app\\src\\main\\res\\values-ja-rJP\\String.xml",
                    "position": {
                        "startLine": 137,
                        "startColumn": 4,
                        "startOffset": 5381,
                        "endColumn": 38,
                        "endOffset": 5415
                    }
                }
            },
            {
                "to": {
                    "startLine": 48,
                    "startColumn": 4,
                    "startOffset": 2258,
                    "endColumn": 40,
                    "endOffset": 2294
                },
                "from": {
                    "file": "E:\\Android Studio\\Call recorders\\asfak\\CallRecorder\\app\\src\\main\\res\\values-ja-rJP\\String.xml",
                    "position": {
                        "startLine": 138,
                        "startColumn": 4,
                        "startOffset": 5421,
                        "endColumn": 40,
                        "endOffset": 5457
                    }
                }
            },
            {
                "to": {
                    "startLine": 49,
                    "startColumn": 4,
                    "startOffset": 2299,
                    "endColumn": 64,
                    "endOffset": 2359
                },
                "from": {
                    "file": "E:\\Android Studio\\Call recorders\\asfak\\CallRecorder\\app\\src\\main\\res\\values-ja-rJP\\String.xml",
                    "position": {
                        "startLine": 141,
                        "startColumn": 4,
                        "startOffset": 5559,
                        "endColumn": 64,
                        "endOffset": 5619
                    }
                }
            },
            {
                "to": {
                    "startLine": 50,
                    "startColumn": 4,
                    "startOffset": 2364,
                    "endColumn": 35,
                    "endOffset": 2395
                },
                "from": {
                    "file": "E:\\Android Studio\\Call recorders\\asfak\\CallRecorder\\app\\src\\main\\res\\values-ja-rJP\\String.xml",
                    "position": {
                        "startLine": 102,
                        "startColumn": 4,
                        "startOffset": 4161,
                        "endColumn": 35,
                        "endOffset": 4192
                    }
                }
            },
            {
                "to": {
                    "startLine": 51,
                    "startColumn": 4,
                    "startOffset": 2400,
                    "endColumn": 34,
                    "endOffset": 2430
                },
                "from": {
                    "file": "E:\\Android Studio\\Call recorders\\asfak\\CallRecorder\\app\\src\\main\\res\\values-ja-rJP\\String.xml",
                    "position": {
                        "startLine": 136,
                        "startColumn": 4,
                        "startOffset": 5345,
                        "endColumn": 34,
                        "endOffset": 5375
                    }
                }
            },
            {
                "to": {
                    "startLine": 52,
                    "startColumn": 4,
                    "startOffset": 2435,
                    "endColumn": 37,
                    "endOffset": 2468
                },
                "from": {
                    "file": "E:\\Android Studio\\Call recorders\\asfak\\CallRecorder\\app\\src\\main\\res\\values-ja-rJP\\String.xml",
                    "position": {
                        "startLine": 70,
                        "startColumn": 4,
                        "startOffset": 3036,
                        "endColumn": 37,
                        "endOffset": 3069
                    }
                }
            },
            {
                "to": {
                    "startLine": 53,
                    "startColumn": 4,
                    "startOffset": 2473,
                    "endColumn": 41,
                    "endOffset": 2510
                },
                "from": {
                    "file": "E:\\Android Studio\\Call recorders\\asfak\\CallRecorder\\app\\src\\main\\res\\values-ja-rJP\\String.xml",
                    "position": {
                        "startLine": 48,
                        "startColumn": 4,
                        "startOffset": 2119,
                        "endColumn": 41,
                        "endOffset": 2156
                    }
                }
            },
            {
                "to": {
                    "startLine": 54,
                    "startColumn": 4,
                    "startOffset": 2515,
                    "endColumn": 37,
                    "endOffset": 2548
                },
                "from": {
                    "file": "E:\\Android Studio\\Call recorders\\asfak\\CallRecorder\\app\\src\\main\\res\\values-ja-rJP\\String.xml",
                    "position": {
                        "startLine": 143,
                        "startColumn": 4,
                        "startOffset": 5676,
                        "endColumn": 37,
                        "endOffset": 5709
                    }
                }
            },
            {
                "to": {
                    "startLine": 55,
                    "startColumn": 4,
                    "startOffset": 2553,
                    "endColumn": 45,
                    "endOffset": 2594
                },
                "from": {
                    "file": "E:\\Android Studio\\Call recorders\\asfak\\CallRecorder\\app\\src\\main\\res\\values-ja-rJP\\String.xml",
                    "position": {
                        "startLine": 149,
                        "startColumn": 4,
                        "startOffset": 5971,
                        "endColumn": 45,
                        "endOffset": 6012
                    }
                }
            },
            {
                "to": {
                    "startLine": 56,
                    "startColumn": 4,
                    "startOffset": 2599,
                    "endColumn": 44,
                    "endOffset": 2639
                },
                "from": {
                    "file": "E:\\Android Studio\\Call recorders\\asfak\\CallRecorder\\app\\src\\main\\res\\values-ja-rJP\\String.xml",
                    "position": {
                        "startLine": 68,
                        "startColumn": 4,
                        "startOffset": 2936,
                        "endColumn": 44,
                        "endOffset": 2976
                    }
                }
            },
            {
                "to": {
                    "startLine": 57,
                    "startColumn": 4,
                    "startOffset": 2644,
                    "endColumn": 52,
                    "endOffset": 2692
                },
                "from": {
                    "file": "E:\\Android Studio\\Call recorders\\asfak\\CallRecorder\\app\\src\\main\\res\\values-ja-rJP\\String.xml",
                    "position": {
                        "startLine": 69,
                        "startColumn": 4,
                        "startOffset": 2982,
                        "endColumn": 52,
                        "endOffset": 3030
                    }
                }
            },
            {
                "to": {
                    "startLine": 58,
                    "startColumn": 4,
                    "startOffset": 2697,
                    "endColumn": 41,
                    "endOffset": 2734
                },
                "from": {
                    "file": "E:\\Android Studio\\Call recorders\\asfak\\CallRecorder\\app\\src\\main\\res\\values-ja-rJP\\String.xml",
                    "position": {
                        "startLine": 30,
                        "startColumn": 4,
                        "startOffset": 1348,
                        "endColumn": 41,
                        "endOffset": 1385
                    }
                }
            },
            {
                "to": {
                    "startLine": 59,
                    "startColumn": 4,
                    "startOffset": 2739,
                    "endColumn": 33,
                    "endOffset": 2768
                },
                "from": {
                    "file": "E:\\Android Studio\\Call recorders\\asfak\\CallRecorder\\app\\src\\main\\res\\values-ja-rJP\\String.xml",
                    "position": {
                        "startLine": 99,
                        "startColumn": 4,
                        "startOffset": 4122,
                        "endColumn": 33,
                        "endOffset": 4151
                    }
                }
            },
            {
                "to": {
                    "startLine": 60,
                    "startColumn": 4,
                    "startOffset": 2773,
                    "endColumn": 46,
                    "endOffset": 2815
                },
                "from": {
                    "file": "E:\\Android Studio\\Call recorders\\asfak\\CallRecorder\\app\\src\\main\\res\\values-ja-rJP\\String.xml",
                    "position": {
                        "startLine": 97,
                        "startColumn": 4,
                        "startOffset": 4034,
                        "endColumn": 46,
                        "endOffset": 4076
                    }
                }
            },
            {
                "to": {
                    "startLine": 61,
                    "startColumn": 4,
                    "startOffset": 2820,
                    "endColumn": 63,
                    "endOffset": 2879
                },
                "from": {
                    "file": "E:\\Android Studio\\Call recorders\\asfak\\CallRecorder\\app\\src\\main\\res\\values-ja-rJP\\String.xml",
                    "position": {
                        "startLine": 132,
                        "startColumn": 4,
                        "startOffset": 5125,
                        "endColumn": 63,
                        "endOffset": 5184
                    }
                }
            },
            {
                "to": {
                    "startLine": 62,
                    "startColumn": 4,
                    "startOffset": 2884,
                    "endColumn": 37,
                    "endOffset": 2917
                },
                "from": {
                    "file": "E:\\Android Studio\\Call recorders\\asfak\\CallRecorder\\app\\src\\main\\res\\values-ja-rJP\\String.xml",
                    "position": {
                        "startLine": 88,
                        "startColumn": 4,
                        "startOffset": 3797,
                        "endColumn": 37,
                        "endOffset": 3830
                    }
                }
            },
            {
                "to": {
                    "startLine": 63,
                    "startColumn": 4,
                    "startOffset": 2922,
                    "endColumn": 71,
                    "endOffset": 2989
                },
                "from": {
                    "file": "E:\\Android Studio\\Call recorders\\asfak\\CallRecorder\\app\\src\\main\\res\\values-ja-rJP\\String.xml",
                    "position": {
                        "startLine": 160,
                        "startColumn": 4,
                        "startOffset": 6469,
                        "endColumn": 71,
                        "endOffset": 6536
                    }
                }
            },
            {
                "to": {
                    "startLine": 64,
                    "startColumn": 4,
                    "startOffset": 2994,
                    "endColumn": 46,
                    "endOffset": 3036
                },
                "from": {
                    "file": "E:\\Android Studio\\Call recorders\\asfak\\CallRecorder\\app\\src\\main\\res\\values-ja-rJP\\String.xml",
                    "position": {
                        "startLine": 39,
                        "startColumn": 4,
                        "startOffset": 1709,
                        "endColumn": 46,
                        "endOffset": 1751
                    }
                }
            },
            {
                "to": {
                    "startLine": 65,
                    "startColumn": 4,
                    "startOffset": 3041,
                    "endColumn": 49,
                    "endOffset": 3086
                },
                "from": {
                    "file": "E:\\Android Studio\\Call recorders\\asfak\\CallRecorder\\app\\src\\main\\res\\values-ja-rJP\\String.xml",
                    "position": {
                        "startLine": 60,
                        "startColumn": 4,
                        "startOffset": 2545,
                        "endColumn": 49,
                        "endOffset": 2590
                    }
                }
            },
            {
                "to": {
                    "startLine": 66,
                    "startColumn": 4,
                    "startOffset": 3091,
                    "endColumn": 40,
                    "endOffset": 3127
                },
                "from": {
                    "file": "E:\\Android Studio\\Call recorders\\asfak\\CallRecorder\\app\\src\\main\\res\\values-ja-rJP\\String.xml",
                    "position": {
                        "startLine": 64,
                        "startColumn": 4,
                        "startOffset": 2746,
                        "endColumn": 40,
                        "endOffset": 2782
                    }
                }
            },
            {
                "to": {
                    "startLine": 67,
                    "startColumn": 4,
                    "startOffset": 3132,
                    "endColumn": 52,
                    "endOffset": 3180
                },
                "from": {
                    "file": "E:\\Android Studio\\Call recorders\\asfak\\CallRecorder\\app\\src\\main\\res\\values-ja-rJP\\String.xml",
                    "position": {
                        "startLine": 67,
                        "startColumn": 4,
                        "startOffset": 2882,
                        "endColumn": 52,
                        "endOffset": 2930
                    }
                }
            },
            {
                "to": {
                    "startLine": 68,
                    "startColumn": 4,
                    "startOffset": 3185,
                    "endColumn": 46,
                    "endOffset": 3227
                },
                "from": {
                    "file": "E:\\Android Studio\\Call recorders\\asfak\\CallRecorder\\app\\src\\main\\res\\values-ja-rJP\\String.xml",
                    "position": {
                        "startLine": 73,
                        "startColumn": 4,
                        "startOffset": 3169,
                        "endColumn": 46,
                        "endOffset": 3211
                    }
                }
            },
            {
                "to": {
                    "startLine": 69,
                    "startColumn": 4,
                    "startOffset": 3232,
                    "endColumn": 41,
                    "endOffset": 3269
                },
                "from": {
                    "file": "E:\\Android Studio\\Call recorders\\asfak\\CallRecorder\\app\\src\\main\\res\\values-ja-rJP\\String.xml",
                    "position": {
                        "startLine": 127,
                        "startColumn": 4,
                        "startOffset": 4996,
                        "endColumn": 41,
                        "endOffset": 5033
                    }
                }
            },
            {
                "to": {
                    "startLine": 70,
                    "startColumn": 4,
                    "startOffset": 3274,
                    "endColumn": 50,
                    "endOffset": 3320
                },
                "from": {
                    "file": "E:\\Android Studio\\Call recorders\\asfak\\CallRecorder\\app\\src\\main\\res\\values-ja-rJP\\String.xml",
                    "position": {
                        "startLine": 65,
                        "startColumn": 4,
                        "startOffset": 2788,
                        "endColumn": 50,
                        "endOffset": 2834
                    }
                }
            },
            {
                "to": {
                    "startLine": 71,
                    "startColumn": 4,
                    "startOffset": 3325,
                    "endColumn": 38,
                    "endOffset": 3359
                },
                "from": {
                    "file": "E:\\Android Studio\\Call recorders\\asfak\\CallRecorder\\app\\src\\main\\res\\values-ja-rJP\\String.xml",
                    "position": {
                        "startLine": 98,
                        "startColumn": 4,
                        "startOffset": 4082,
                        "endColumn": 38,
                        "endOffset": 4116
                    }
                }
            },
            {
                "to": {
                    "startLine": 72,
                    "startColumn": 4,
                    "startOffset": 3364,
                    "endColumn": 58,
                    "endOffset": 3418
                },
                "from": {
                    "file": "E:\\Android Studio\\Call recorders\\asfak\\CallRecorder\\app\\src\\main\\res\\values-ja-rJP\\String.xml",
                    "position": {
                        "startLine": 74,
                        "startColumn": 4,
                        "startOffset": 3217,
                        "endColumn": 58,
                        "endOffset": 3271
                    }
                }
            },
            {
                "to": {
                    "startLine": 73,
                    "startColumn": 4,
                    "startOffset": 3423,
                    "endColumn": 39,
                    "endOffset": 3458
                },
                "from": {
                    "file": "E:\\Android Studio\\Call recorders\\asfak\\CallRecorder\\app\\src\\main\\res\\values-ja-rJP\\String.xml",
                    "position": {
                        "startLine": 129,
                        "startColumn": 4,
                        "startOffset": 5080,
                        "endColumn": 39,
                        "endOffset": 5115
                    }
                }
            },
            {
                "to": {
                    "startLine": 74,
                    "startColumn": 4,
                    "startOffset": 3463,
                    "endColumn": 41,
                    "endOffset": 3500
                },
                "from": {
                    "file": "E:\\Android Studio\\Call recorders\\asfak\\CallRecorder\\app\\src\\main\\res\\values-ja-rJP\\String.xml",
                    "position": {
                        "startLine": 72,
                        "startColumn": 4,
                        "startOffset": 3126,
                        "endColumn": 41,
                        "endOffset": 3163
                    }
                }
            },
            {
                "to": {
                    "startLine": 75,
                    "startColumn": 4,
                    "startOffset": 3505,
                    "endColumn": 36,
                    "endOffset": 3537
                },
                "from": {
                    "file": "E:\\Android Studio\\Call recorders\\asfak\\CallRecorder\\app\\src\\main\\res\\values-ja-rJP\\String.xml",
                    "position": {
                        "startLine": 81,
                        "startColumn": 4,
                        "startOffset": 3485,
                        "endColumn": 36,
                        "endOffset": 3517
                    }
                }
            },
            {
                "to": {
                    "startLine": 76,
                    "startColumn": 4,
                    "startOffset": 3542,
                    "endColumn": 49,
                    "endOffset": 3587
                },
                "from": {
                    "file": "E:\\Android Studio\\Call recorders\\asfak\\CallRecorder\\app\\src\\main\\res\\values-ja-rJP\\String.xml",
                    "position": {
                        "startLine": 71,
                        "startColumn": 4,
                        "startOffset": 3075,
                        "endColumn": 49,
                        "endOffset": 3120
                    }
                }
            },
            {
                "to": {
                    "startLine": 77,
                    "startColumn": 4,
                    "startOffset": 3592,
                    "endColumn": 52,
                    "endOffset": 3640
                },
                "from": {
                    "file": "E:\\Android Studio\\Call recorders\\asfak\\CallRecorder\\app\\src\\main\\res\\values-ja-rJP\\String.xml",
                    "position": {
                        "startLine": 110,
                        "startColumn": 4,
                        "startOffset": 4456,
                        "endColumn": 52,
                        "endOffset": 4504
                    }
                }
            },
            {
                "to": {
                    "startLine": 78,
                    "startColumn": 4,
                    "startOffset": 3645,
                    "endColumn": 63,
                    "endOffset": 3704
                },
                "from": {
                    "file": "E:\\Android Studio\\Call recorders\\asfak\\CallRecorder\\app\\src\\main\\res\\values-ja-rJP\\String.xml",
                    "position": {
                        "startLine": 43,
                        "startColumn": 4,
                        "startOffset": 1928,
                        "endColumn": 63,
                        "endOffset": 1987
                    }
                }
            },
            {
                "to": {
                    "startLine": 79,
                    "startColumn": 4,
                    "startOffset": 3709,
                    "endColumn": 61,
                    "endOffset": 3766
                },
                "from": {
                    "file": "E:\\Android Studio\\Call recorders\\asfak\\CallRecorder\\app\\src\\main\\res\\values-ja-rJP\\String.xml",
                    "position": {
                        "startLine": 41,
                        "startColumn": 4,
                        "startOffset": 1811,
                        "endColumn": 61,
                        "endOffset": 1868
                    }
                }
            },
            {
                "to": {
                    "startLine": 80,
                    "startColumn": 4,
                    "startOffset": 3771,
                    "endColumn": 37,
                    "endOffset": 3804
                },
                "from": {
                    "file": "E:\\Android Studio\\Call recorders\\asfak\\CallRecorder\\app\\src\\main\\res\\values-ja-rJP\\String.xml",
                    "position": {
                        "startLine": 84,
                        "startColumn": 4,
                        "startOffset": 3617,
                        "endColumn": 37,
                        "endOffset": 3650
                    }
                }
            },
            {
                "to": {
                    "startLine": 81,
                    "startColumn": 4,
                    "startOffset": 3809,
                    "endColumn": 45,
                    "endOffset": 3850
                },
                "from": {
                    "file": "E:\\Android Studio\\Call recorders\\asfak\\CallRecorder\\app\\src\\main\\res\\values-ja-rJP\\String.xml",
                    "position": {
                        "startLine": 124,
                        "startColumn": 4,
                        "startOffset": 4899,
                        "endColumn": 45,
                        "endOffset": 4940
                    }
                }
            },
            {
                "to": {
                    "startLine": 82,
                    "startColumn": 4,
                    "startOffset": 3855,
                    "endColumn": 36,
                    "endOffset": 3887
                },
                "from": {
                    "file": "E:\\Android Studio\\Call recorders\\asfak\\CallRecorder\\app\\src\\main\\res\\values-ja-rJP\\String.xml",
                    "position": {
                        "startLine": 119,
                        "startColumn": 4,
                        "startOffset": 4755,
                        "endColumn": 36,
                        "endOffset": 4787
                    }
                }
            },
            {
                "to": {
                    "startLine": 83,
                    "startColumn": 4,
                    "startOffset": 3892,
                    "endColumn": 36,
                    "endOffset": 3924
                },
                "from": {
                    "file": "E:\\Android Studio\\Call recorders\\asfak\\CallRecorder\\app\\src\\main\\res\\values-ja-rJP\\String.xml",
                    "position": {
                        "startLine": 118,
                        "startColumn": 4,
                        "startOffset": 4717,
                        "endColumn": 36,
                        "endOffset": 4749
                    }
                }
            },
            {
                "to": {
                    "startLine": 84,
                    "startColumn": 4,
                    "startOffset": 3929,
                    "endColumn": 38,
                    "endOffset": 3963
                },
                "from": {
                    "file": "E:\\Android Studio\\Call recorders\\asfak\\CallRecorder\\app\\src\\main\\res\\values-ja-rJP\\String.xml",
                    "position": {
                        "startLine": 114,
                        "startColumn": 4,
                        "startOffset": 4570,
                        "endColumn": 38,
                        "endOffset": 4604
                    }
                }
            },
            {
                "to": {
                    "startLine": 85,
                    "startColumn": 4,
                    "startOffset": 3968,
                    "endColumn": 46,
                    "endOffset": 4010
                },
                "from": {
                    "file": "E:\\Android Studio\\Call recorders\\asfak\\CallRecorder\\app\\src\\main\\res\\values-ja-rJP\\String.xml",
                    "position": {
                        "startLine": 125,
                        "startColumn": 4,
                        "startOffset": 4946,
                        "endColumn": 46,
                        "endOffset": 4988
                    }
                }
            },
            {
                "to": {
                    "startLine": 86,
                    "startColumn": 4,
                    "startOffset": 4015,
                    "endColumn": 64,
                    "endOffset": 4075
                },
                "from": {
                    "file": "E:\\Android Studio\\Call recorders\\asfak\\CallRecorder\\app\\src\\main\\res\\values-ja-rJP\\String.xml",
                    "position": {
                        "startLine": 9,
                        "startColumn": 4,
                        "startOffset": 394,
                        "endColumn": 64,
                        "endOffset": 454
                    }
                }
            },
            {
                "to": {
                    "startLine": 87,
                    "startColumn": 4,
                    "startOffset": 4080,
                    "endColumn": 51,
                    "endOffset": 4127
                },
                "from": {
                    "file": "E:\\Android Studio\\Call recorders\\asfak\\CallRecorder\\app\\src\\main\\res\\values-ja-rJP\\String.xml",
                    "position": {
                        "startLine": 21,
                        "startColumn": 4,
                        "startOffset": 1008,
                        "endColumn": 51,
                        "endOffset": 1055
                    }
                }
            },
            {
                "to": {
                    "startLine": 88,
                    "startColumn": 4,
                    "startOffset": 4132,
                    "endColumn": 58,
                    "endOffset": 4186
                },
                "from": {
                    "file": "E:\\Android Studio\\Call recorders\\asfak\\CallRecorder\\app\\src\\main\\res\\values-ja-rJP\\String.xml",
                    "position": {
                        "startLine": 152,
                        "startColumn": 4,
                        "startOffset": 6100,
                        "endColumn": 58,
                        "endOffset": 6154
                    }
                }
            },
            {
                "to": {
                    "startLine": 89,
                    "startColumn": 4,
                    "startOffset": 4191,
                    "endColumn": 57,
                    "endOffset": 4244
                },
                "from": {
                    "file": "E:\\Android Studio\\Call recorders\\asfak\\CallRecorder\\app\\src\\main\\res\\values-ja-rJP\\String.xml",
                    "position": {
                        "startLine": 32,
                        "startColumn": 4,
                        "startOffset": 1445,
                        "endColumn": 57,
                        "endOffset": 1498
                    }
                }
            },
            {
                "to": {
                    "startLine": 90,
                    "startColumn": 4,
                    "startOffset": 4249,
                    "endColumn": 42,
                    "endOffset": 4287
                },
                "from": {
                    "file": "E:\\Android Studio\\Call recorders\\asfak\\CallRecorder\\app\\src\\main\\res\\values-ja-rJP\\String.xml",
                    "position": {
                        "startLine": 27,
                        "startColumn": 4,
                        "startOffset": 1213,
                        "endColumn": 42,
                        "endOffset": 1251
                    }
                }
            },
            {
                "to": {
                    "startLine": 91,
                    "startColumn": 4,
                    "startOffset": 4292,
                    "endColumn": 51,
                    "endOffset": 4339
                },
                "from": {
                    "file": "E:\\Android Studio\\Call recorders\\asfak\\CallRecorder\\app\\src\\main\\res\\values-ja-rJP\\String.xml",
                    "position": {
                        "startLine": 103,
                        "startColumn": 4,
                        "startOffset": 4198,
                        "endColumn": 51,
                        "endOffset": 4245
                    }
                }
            },
            {
                "to": {
                    "startLine": 92,
                    "startColumn": 4,
                    "startOffset": 4344,
                    "endColumn": 51,
                    "endOffset": 4391
                },
                "from": {
                    "file": "E:\\Android Studio\\Call recorders\\asfak\\CallRecorder\\app\\src\\main\\res\\values-ja-rJP\\String.xml",
                    "position": {
                        "startLine": 105,
                        "startColumn": 4,
                        "startOffset": 4297,
                        "endColumn": 51,
                        "endOffset": 4344
                    }
                }
            },
            {
                "to": {
                    "startLine": 93,
                    "startColumn": 4,
                    "startOffset": 4396,
                    "endColumn": 48,
                    "endOffset": 4440
                },
                "from": {
                    "file": "E:\\Android Studio\\Call recorders\\asfak\\CallRecorder\\app\\src\\main\\res\\values-ja-rJP\\String.xml",
                    "position": {
                        "startLine": 106,
                        "startColumn": 4,
                        "startOffset": 4350,
                        "endColumn": 48,
                        "endOffset": 4394
                    }
                }
            },
            {
                "to": {
                    "startLine": 94,
                    "startColumn": 4,
                    "startOffset": 4445,
                    "endColumn": 34,
                    "endOffset": 4475
                },
                "from": {
                    "file": "E:\\Android Studio\\Call recorders\\asfak\\CallRecorder\\app\\src\\main\\res\\values-ja-rJP\\String.xml",
                    "position": {
                        "startLine": 135,
                        "startColumn": 4,
                        "startOffset": 5309,
                        "endColumn": 34,
                        "endOffset": 5339
                    }
                }
            },
            {
                "to": {
                    "startLine": 95,
                    "startColumn": 4,
                    "startOffset": 4480,
                    "endColumn": 46,
                    "endOffset": 4522
                },
                "from": {
                    "file": "E:\\Android Studio\\Call recorders\\asfak\\CallRecorder\\app\\src\\main\\res\\values-ja-rJP\\String.xml",
                    "position": {
                        "startLine": 3,
                        "startColumn": 4,
                        "startOffset": 104,
                        "endColumn": 46,
                        "endOffset": 146
                    }
                }
            },
            {
                "to": {
                    "startLine": 96,
                    "startColumn": 4,
                    "startOffset": 4527,
                    "endColumn": 45,
                    "endOffset": 4568
                },
                "from": {
                    "file": "E:\\Android Studio\\Call recorders\\asfak\\CallRecorder\\app\\src\\main\\res\\values-ja-rJP\\String.xml",
                    "position": {
                        "startLine": 144,
                        "startColumn": 4,
                        "startOffset": 5715,
                        "endColumn": 45,
                        "endOffset": 5756
                    }
                }
            },
            {
                "to": {
                    "startLine": 97,
                    "startColumn": 4,
                    "startOffset": 4573,
                    "endColumn": 45,
                    "endOffset": 4614
                },
                "from": {
                    "file": "E:\\Android Studio\\Call recorders\\asfak\\CallRecorder\\app\\src\\main\\res\\values-ja-rJP\\String.xml",
                    "position": {
                        "startLine": 2,
                        "startColumn": 4,
                        "startOffset": 57,
                        "endColumn": 45,
                        "endOffset": 98
                    }
                }
            },
            {
                "to": {
                    "startLine": 98,
                    "startColumn": 4,
                    "startOffset": 4619,
                    "endColumn": 49,
                    "endOffset": 4664
                },
                "from": {
                    "file": "E:\\Android Studio\\Call recorders\\asfak\\CallRecorder\\app\\src\\main\\res\\values-ja-rJP\\String.xml",
                    "position": {
                        "startLine": 12,
                        "startColumn": 4,
                        "startOffset": 589,
                        "endColumn": 49,
                        "endOffset": 634
                    }
                }
            },
            {
                "to": {
                    "startLine": 99,
                    "startColumn": 4,
                    "startOffset": 4669,
                    "endColumn": 47,
                    "endOffset": 4712
                },
                "from": {
                    "file": "E:\\Android Studio\\Call recorders\\asfak\\CallRecorder\\app\\src\\main\\res\\values-ja-rJP\\String.xml",
                    "position": {
                        "startLine": 157,
                        "startColumn": 4,
                        "startOffset": 6322,
                        "endColumn": 47,
                        "endOffset": 6365
                    }
                }
            },
            {
                "to": {
                    "startLine": 100,
                    "startColumn": 4,
                    "startOffset": 4717,
                    "endColumn": 55,
                    "endOffset": 4768
                },
                "from": {
                    "file": "E:\\Android Studio\\Call recorders\\asfak\\CallRecorder\\app\\src\\main\\res\\values-ja-rJP\\String.xml",
                    "position": {
                        "startLine": 158,
                        "startColumn": 4,
                        "startOffset": 6371,
                        "endColumn": 55,
                        "endOffset": 6422
                    }
                }
            },
            {
                "to": {
                    "startLine": 101,
                    "startColumn": 4,
                    "startOffset": 4773,
                    "endColumn": 40,
                    "endOffset": 4809
                },
                "from": {
                    "file": "E:\\Android Studio\\Call recorders\\asfak\\CallRecorder\\app\\src\\main\\res\\values-ja-rJP\\String.xml",
                    "position": {
                        "startLine": 93,
                        "startColumn": 4,
                        "startOffset": 3940,
                        "endColumn": 40,
                        "endOffset": 3976
                    }
                }
            },
            {
                "to": {
                    "startLine": 102,
                    "startColumn": 4,
                    "startOffset": 4814,
                    "endColumn": 51,
                    "endOffset": 4861
                },
                "from": {
                    "file": "E:\\Android Studio\\Call recorders\\asfak\\CallRecorder\\app\\src\\main\\res\\values-ja-rJP\\String.xml",
                    "position": {
                        "startLine": 10,
                        "startColumn": 4,
                        "startOffset": 460,
                        "endColumn": 51,
                        "endOffset": 507
                    }
                }
            },
            {
                "to": {
                    "startLine": 103,
                    "startColumn": 4,
                    "startOffset": 4866,
                    "endColumn": 54,
                    "endOffset": 4916
                },
                "from": {
                    "file": "E:\\Android Studio\\Call recorders\\asfak\\CallRecorder\\app\\src\\main\\res\\values-ja-rJP\\String.xml",
                    "position": {
                        "startLine": 155,
                        "startColumn": 4,
                        "startOffset": 6229,
                        "endColumn": 54,
                        "endOffset": 6279
                    }
                }
            },
            {
                "to": {
                    "startLine": 104,
                    "startColumn": 4,
                    "startOffset": 4921,
                    "endColumn": 49,
                    "endOffset": 4966
                },
                "from": {
                    "file": "E:\\Android Studio\\Call recorders\\asfak\\CallRecorder\\app\\src\\main\\res\\values-ja-rJP\\String.xml",
                    "position": {
                        "startLine": 142,
                        "startColumn": 4,
                        "startOffset": 5625,
                        "endColumn": 49,
                        "endOffset": 5670
                    }
                }
            },
            {
                "to": {
                    "startLine": 105,
                    "startColumn": 4,
                    "startOffset": 4971,
                    "endColumn": 48,
                    "endOffset": 5015
                },
                "from": {
                    "file": "E:\\Android Studio\\Call recorders\\asfak\\CallRecorder\\app\\src\\main\\res\\values-ja-rJP\\String.xml",
                    "position": {
                        "startLine": 140,
                        "startColumn": 4,
                        "startOffset": 5509,
                        "endColumn": 48,
                        "endOffset": 5553
                    }
                }
            },
            {
                "to": {
                    "startLine": 106,
                    "startColumn": 4,
                    "startOffset": 5020,
                    "endColumn": 65,
                    "endOffset": 5081
                },
                "from": {
                    "file": "E:\\Android Studio\\Call recorders\\asfak\\CallRecorder\\app\\src\\main\\res\\values-ja-rJP\\String.xml",
                    "position": {
                        "startLine": 154,
                        "startColumn": 4,
                        "startOffset": 6162,
                        "endColumn": 65,
                        "endOffset": 6223
                    }
                }
            },
            {
                "to": {
                    "startLine": 107,
                    "startColumn": 4,
                    "startOffset": 5086,
                    "endColumn": 59,
                    "endOffset": 5141
                },
                "from": {
                    "file": "E:\\Android Studio\\Call recorders\\asfak\\CallRecorder\\app\\src\\main\\res\\values-ja-rJP\\String.xml",
                    "position": {
                        "startLine": 8,
                        "startColumn": 4,
                        "startOffset": 333,
                        "endColumn": 59,
                        "endOffset": 388
                    }
                }
            },
            {
                "to": {
                    "startLine": 108,
                    "startColumn": 4,
                    "startOffset": 5146,
                    "endColumn": 65,
                    "endOffset": 5207
                },
                "from": {
                    "file": "E:\\Android Studio\\Call recorders\\asfak\\CallRecorder\\app\\src\\main\\res\\values-ja-rJP\\String.xml",
                    "position": {
                        "startLine": 20,
                        "startColumn": 4,
                        "startOffset": 941,
                        "endColumn": 65,
                        "endOffset": 1002
                    }
                }
            },
            {
                "to": {
                    "startLine": 109,
                    "startColumn": 4,
                    "startOffset": 5212,
                    "endColumn": 60,
                    "endOffset": 5268
                },
                "from": {
                    "file": "E:\\Android Studio\\Call recorders\\asfak\\CallRecorder\\app\\src\\main\\res\\values-ja-rJP\\String.xml",
                    "position": {
                        "startLine": 49,
                        "startColumn": 4,
                        "startOffset": 2162,
                        "endColumn": 60,
                        "endOffset": 2218
                    }
                }
            },
            {
                "to": {
                    "startLine": 110,
                    "startColumn": 4,
                    "startOffset": 5273,
                    "endColumn": 35,
                    "endOffset": 5304
                },
                "from": {
                    "file": "E:\\Android Studio\\Call recorders\\asfak\\CallRecorder\\app\\src\\main\\res\\values-ja-rJP\\String.xml",
                    "position": {
                        "startLine": 156,
                        "startColumn": 4,
                        "startOffset": 6285,
                        "endColumn": 35,
                        "endOffset": 6316
                    }
                }
            },
            {
                "to": {
                    "startLine": 111,
                    "startColumn": 4,
                    "startOffset": 5309,
                    "endColumn": 59,
                    "endOffset": 5364
                },
                "from": {
                    "file": "E:\\Android Studio\\Call recorders\\asfak\\CallRecorder\\app\\src\\main\\res\\values-ja-rJP\\String.xml",
                    "position": {
                        "startLine": 61,
                        "startColumn": 4,
                        "startOffset": 2596,
                        "endColumn": 59,
                        "endOffset": 2651
                    }
                }
            },
            {
                "to": {
                    "startLine": 112,
                    "startColumn": 4,
                    "startOffset": 5369,
                    "endColumn": 39,
                    "endOffset": 5404
                },
                "from": {
                    "file": "E:\\Android Studio\\Call recorders\\asfak\\CallRecorder\\app\\src\\main\\res\\values-ja-rJP\\String.xml",
                    "position": {
                        "startLine": 159,
                        "startColumn": 4,
                        "startOffset": 6428,
                        "endColumn": 39,
                        "endOffset": 6463
                    }
                }
            },
            {
                "to": {
                    "startLine": 113,
                    "startColumn": 4,
                    "startOffset": 5409,
                    "endColumn": 81,
                    "endOffset": 5486
                },
                "from": {
                    "file": "E:\\Android Studio\\Call recorders\\asfak\\CallRecorder\\app\\src\\main\\res\\values-ja-rJP\\String.xml",
                    "position": {
                        "startLine": 133,
                        "startColumn": 4,
                        "startOffset": 5190,
                        "endColumn": 81,
                        "endOffset": 5267
                    }
                }
            },
            {
                "to": {
                    "startLine": 114,
                    "startColumn": 4,
                    "startOffset": 5491,
                    "endColumn": 71,
                    "endOffset": 5558
                },
                "from": {
                    "file": "E:\\Android Studio\\Call recorders\\asfak\\CallRecorder\\app\\src\\main\\res\\values-ja-rJP\\String.xml",
                    "position": {
                        "startLine": 51,
                        "startColumn": 4,
                        "startOffset": 2267,
                        "endColumn": 71,
                        "endOffset": 2334
                    }
                }
            },
            {
                "to": {
                    "startLine": 115,
                    "startColumn": 4,
                    "startOffset": 5563,
                    "endColumn": 60,
                    "endOffset": 5619
                },
                "from": {
                    "file": "E:\\Android Studio\\Call recorders\\asfak\\CallRecorder\\app\\src\\main\\res\\values-ja-rJP\\String.xml",
                    "position": {
                        "startLine": 75,
                        "startColumn": 4,
                        "startOffset": 3277,
                        "endColumn": 60,
                        "endOffset": 3333
                    }
                }
            },
            {
                "to": {
                    "startLine": 116,
                    "startColumn": 4,
                    "startOffset": 5624,
                    "endColumn": 66,
                    "endOffset": 5686
                },
                "from": {
                    "file": "E:\\Android Studio\\Call recorders\\asfak\\CallRecorder\\app\\src\\main\\res\\values-ja-rJP\\String.xml",
                    "position": {
                        "startLine": 55,
                        "startColumn": 4,
                        "startOffset": 2395,
                        "endColumn": 66,
                        "endOffset": 2457
                    }
                }
            },
            {
                "to": {
                    "startLine": 117,
                    "startColumn": 4,
                    "startOffset": 5691,
                    "endColumn": 38,
                    "endOffset": 5725
                },
                "from": {
                    "file": "E:\\Android Studio\\Call recorders\\asfak\\CallRecorder\\app\\src\\main\\res\\values-ja-rJP\\String.xml",
                    "position": {
                        "startLine": 121,
                        "startColumn": 4,
                        "startOffset": 4855,
                        "endColumn": 38,
                        "endOffset": 4889
                    }
                }
            },
            {
                "to": {
                    "startLine": 118,
                    "startColumn": 4,
                    "startOffset": 5730,
                    "endColumn": 63,
                    "endOffset": 5789
                },
                "from": {
                    "file": "E:\\Android Studio\\Call recorders\\asfak\\CallRecorder\\app\\src\\main\\res\\values-ja-rJP\\String.xml",
                    "position": {
                        "startLine": 45,
                        "startColumn": 4,
                        "startOffset": 2050,
                        "endColumn": 63,
                        "endOffset": 2109
                    }
                }
            },
            {
                "to": {
                    "startLine": 119,
                    "startColumn": 4,
                    "startOffset": 5794,
                    "endColumn": 62,
                    "endOffset": 5852
                },
                "from": {
                    "file": "E:\\Android Studio\\Call recorders\\asfak\\CallRecorder\\app\\src\\main\\res\\values-ja-rJP\\String.xml",
                    "position": {
                        "startLine": 148,
                        "startColumn": 4,
                        "startOffset": 5907,
                        "endColumn": 62,
                        "endOffset": 5965
                    }
                }
            },
            {
                "to": {
                    "startLine": 120,
                    "startColumn": 4,
                    "startOffset": 5857,
                    "endColumn": 61,
                    "endOffset": 5914
                },
                "from": {
                    "file": "E:\\Android Studio\\Call recorders\\asfak\\CallRecorder\\app\\src\\main\\res\\values-ja-rJP\\String.xml",
                    "position": {
                        "startLine": 15,
                        "startColumn": 4,
                        "startOffset": 786,
                        "endColumn": 61,
                        "endOffset": 843
                    }
                }
            },
            {
                "to": {
                    "startLine": 121,
                    "startColumn": 4,
                    "startOffset": 5919,
                    "endColumn": 63,
                    "endOffset": 5978
                },
                "from": {
                    "file": "E:\\Android Studio\\Call recorders\\asfak\\CallRecorder\\app\\src\\main\\res\\values-ja-rJP\\String.xml",
                    "position": {
                        "startLine": 4,
                        "startColumn": 4,
                        "startOffset": 152,
                        "endColumn": 63,
                        "endOffset": 211
                    }
                }
            },
            {
                "to": {
                    "startLine": 122,
                    "startColumn": 4,
                    "startOffset": 5983,
                    "endColumn": 53,
                    "endOffset": 6032
                },
                "from": {
                    "file": "E:\\Android Studio\\Call recorders\\asfak\\CallRecorder\\app\\src\\main\\res\\values-ja-rJP\\String.xml",
                    "position": {
                        "startLine": 5,
                        "startColumn": 4,
                        "startOffset": 217,
                        "endColumn": 53,
                        "endOffset": 266
                    }
                }
            },
            {
                "to": {
                    "startLine": 123,
                    "startColumn": 4,
                    "startOffset": 6037,
                    "endColumn": 50,
                    "endOffset": 6083
                },
                "from": {
                    "file": "E:\\Android Studio\\Call recorders\\asfak\\CallRecorder\\app\\src\\main\\res\\values-ja-rJP\\String.xml",
                    "position": {
                        "startLine": 107,
                        "startColumn": 4,
                        "startOffset": 4400,
                        "endColumn": 50,
                        "endOffset": 4446
                    }
                }
            },
            {
                "to": {
                    "startLine": 124,
                    "startColumn": 4,
                    "startOffset": 6088,
                    "endColumn": 74,
                    "endOffset": 6158
                },
                "from": {
                    "file": "E:\\Android Studio\\Call recorders\\asfak\\CallRecorder\\app\\src\\main\\res\\values-ja-rJP\\String.xml",
                    "position": {
                        "startLine": 11,
                        "startColumn": 4,
                        "startOffset": 513,
                        "endColumn": 74,
                        "endOffset": 583
                    }
                }
            },
            {
                "to": {
                    "startLine": 125,
                    "startColumn": 4,
                    "startOffset": 6163,
                    "endColumn": 34,
                    "endOffset": 6193
                },
                "from": {
                    "file": "E:\\Android Studio\\Call recorders\\asfak\\CallRecorder\\app\\src\\main\\res\\values-ja-rJP\\String.xml",
                    "position": {
                        "startLine": 134,
                        "startColumn": 4,
                        "startOffset": 5273,
                        "endColumn": 34,
                        "endOffset": 5303
                    }
                }
            }
        ]
    }
]