[
    {
        "outputFile": "E:\\Android Studio\\Call recorders\\asfak\\CallRecorder\\app\\build\\intermediates\\incremental\\mergeDebugResources\\merged.dir\\values-w820dp-v13\\values-w820dp-v13.xml",
        "map": [
            {
                "to": {
                    "startLine": 2,
                    "startColumn": 4,
                    "startOffset": 55,
                    "endColumn": 57,
                    "endOffset": 108
                },
                "from": {
                    "file": "E:\\Android Studio\\Call recorders\\asfak\\CallRecorder\\app\\src\\main\\res\\values-w820dp\\dimens.xml",
                    "position": {
                        "startLine": 4,
                        "startColumn": 4,
                        "startOffset": 295,
                        "endColumn": 57,
                        "endOffset": 348
                    }
                }
            }
        ]
    }
]