[
    {
        "outputFile": "E:\\Android Studio\\Call recorders\\asfak\\CallRecorder\\app\\build\\intermediates\\incremental\\mergeDebugResources\\merged.dir\\values-v14\\values-v14.xml",
        "map": [
            {
                "to": {
                    "startLine": 2,
                    "startColumn": 4,
                    "startOffset": 55,
                    "endLine": 6,
                    "endColumn": 12,
                    "endOffset": 326
                },
                "from": {
                    "file": "C:\\Users\\ADMIN\\.android\\build-cache\\95f3ac9d8d29c858841e3e7390a95721f395d906\\output\\res\\values-v14\\values-v14.xml",
                    "position": {
                        "startLine": 2,
                        "startColumn": 4,
                        "startOffset": 55,
                        "endLine": 6,
                        "endColumn": 12,
                        "endOffset": 326
                    }
                }
            },
            {
                "to": {
                    "startLine": 7,
                    "startColumn": 4,
                    "startOffset": 331,
                    "endColumn": 70,
                    "endOffset": 397
                },
                "from": {
                    "file": "C:\\Users\\ADMIN\\.android\\build-cache\\95f3ac9d8d29c858841e3e7390a95721f395d906\\output\\res\\values-v14\\values-v14.xml",
                    "position": {
                        "startLine": 7,
                        "startColumn": 4,
                        "startOffset": 331,
                        "endColumn": 70,
                        "endOffset": 397
                    }
                }
            },
            {
                "to": {
                    "startLine": 8,
                    "startColumn": 4,
                    "startOffset": 402,
                    "endColumn": 82,
                    "endOffset": 480
                },
                "from": {
                    "file": "C:\\Users\\ADMIN\\.android\\build-cache\\95f3ac9d8d29c858841e3e7390a95721f395d906\\output\\res\\values-v14\\values-v14.xml",
                    "position": {
                        "startLine": 8,
                        "startColumn": 4,
                        "startOffset": 402,
                        "endColumn": 82,
                        "endOffset": 480
                    }
                }
            },
            {
                "to": {
                    "startLine": 9,
                    "startColumn": 4,
                    "startOffset": 485,
                    "endLine": 14,
                    "endColumn": 12,
                    "endOffset": 890
                },
                "from": {
                    "file": "C:\\Users\\ADMIN\\.android\\build-cache\\95f3ac9d8d29c858841e3e7390a95721f395d906\\output\\res\\values-v14\\values-v14.xml",
                    "position": {
                        "startLine": 9,
                        "startColumn": 4,
                        "startOffset": 485,
                        "endLine": 14,
                        "endColumn": 12,
                        "endOffset": 890
                    }
                }
            },
            {
                "to": {
                    "startLine": 15,
                    "startColumn": 4,
                    "startOffset": 895,
                    "endLine": 20,
                    "endColumn": 12,
                    "endOffset": 1312
                },
                "from": {
                    "file": "C:\\Users\\ADMIN\\.android\\build-cache\\95f3ac9d8d29c858841e3e7390a95721f395d906\\output\\res\\values-v14\\values-v14.xml",
                    "position": {
                        "startLine": 15,
                        "startColumn": 4,
                        "startOffset": 895,
                        "endLine": 20,
                        "endColumn": 12,
                        "endOffset": 1312
                    }
                }
            },
            {
                "to": {
                    "startLine": 21,
                    "startColumn": 4,
                    "startOffset": 1317,
                    "endColumn": 119,
                    "endOffset": 1432
                },
                "from": {
                    "file": "C:\\Users\\ADMIN\\.android\\build-cache\\95f3ac9d8d29c858841e3e7390a95721f395d906\\output\\res\\values-v14\\values-v14.xml",
                    "position": {
                        "startLine": 21,
                        "startColumn": 4,
                        "startOffset": 1317,
                        "endColumn": 119,
                        "endOffset": 1432
                    }
                }
            },
            {
                "to": {
                    "startLine": 22,
                    "startColumn": 4,
                    "startOffset": 1437,
                    "endColumn": 62,
                    "endOffset": 1495
                },
                "from": {
                    "file": "C:\\Users\\ADMIN\\.android\\build-cache\\95f3ac9d8d29c858841e3e7390a95721f395d906\\output\\res\\values-v14\\values-v14.xml",
                    "position": {
                        "startLine": 22,
                        "startColumn": 4,
                        "startOffset": 1437,
                        "endColumn": 62,
                        "endOffset": 1495
                    }
                }
            },
            {
                "to": {
                    "startLine": 23,
                    "startColumn": 4,
                    "startOffset": 1500,
                    "endLine": 25,
                    "endColumn": 12,
                    "endOffset": 1649
                },
                "from": {
                    "file": "C:\\Users\\ADMIN\\.android\\build-cache\\95f3ac9d8d29c858841e3e7390a95721f395d906\\output\\res\\values-v14\\values-v14.xml",
                    "position": {
                        "startLine": 23,
                        "startColumn": 4,
                        "startOffset": 1500,
                        "endLine": 25,
                        "endColumn": 12,
                        "endOffset": 1649
                    }
                }
            },
            {
                "to": {
                    "startLine": 26,
                    "startColumn": 4,
                    "startOffset": 1654,
                    "endColumn": 62,
                    "endOffset": 1712
                },
                "from": {
                    "file": "C:\\Users\\ADMIN\\.android\\build-cache\\95f3ac9d8d29c858841e3e7390a95721f395d906\\output\\res\\values-v14\\values-v14.xml",
                    "position": {
                        "startLine": 26,
                        "startColumn": 4,
                        "startOffset": 1654,
                        "endColumn": 62,
                        "endOffset": 1712
                    }
                }
            },
            {
                "to": {
                    "startLine": 27,
                    "startColumn": 4,
                    "startOffset": 1717,
                    "endColumn": 131,
                    "endOffset": 1844
                },
                "from": {
                    "file": "C:\\Users\\ADMIN\\.android\\build-cache\\95f3ac9d8d29c858841e3e7390a95721f395d906\\output\\res\\values-v14\\values-v14.xml",
                    "position": {
                        "startLine": 27,
                        "startColumn": 4,
                        "startOffset": 1717,
                        "endColumn": 131,
                        "endOffset": 1844
                    }
                }
            }
        ]
    }
]