[
    {
        "outputFile": "E:\\Android Studio\\Call recorders\\asfak\\CallRecorder\\app\\build\\intermediates\\incremental\\mergeDebugResources\\merged.dir\\values-lo-rLA\\values-lo-rLA.xml",
        "map": [
            {
                "to": {
                    "startLine": 2,
                    "startColumn": 4,
                    "startOffset": 55,
                    "endColumn": 102,
                    "endOffset": 153
                },
                "from": {
                    "file": "C:\\Users\\ADMIN\\.android\\build-cache\\95f3ac9d8d29c858841e3e7390a95721f395d906\\output\\res\\values-lo-rLA\\values-lo-rLA.xml",
                    "position": {
                        "startLine": 2,
                        "startColumn": 4,
                        "startOffset": 55,
                        "endColumn": 102,
                        "endOffset": 153
                    }
                }
            },
            {
                "to": {
                    "startLine": 3,
                    "startColumn": 4,
                    "startOffset": 158,
                    "endColumn": 107,
                    "endOffset": 261
                },
                "from": {
                    "file": "C:\\Users\\ADMIN\\.android\\build-cache\\95f3ac9d8d29c858841e3e7390a95721f395d906\\output\\res\\values-lo-rLA\\values-lo-rLA.xml",
                    "position": {
                        "startLine": 3,
                        "startColumn": 4,
                        "startOffset": 158,
                        "endColumn": 107,
                        "endOffset": 261
                    }
                }
            },
            {
                "to": {
                    "startLine": 4,
                    "startColumn": 4,
                    "startOffset": 266,
                    "endColumn": 122,
                    "endOffset": 384
                },
                "from": {
                    "file": "C:\\Users\\ADMIN\\.android\\build-cache\\95f3ac9d8d29c858841e3e7390a95721f395d906\\output\\res\\values-lo-rLA\\values-lo-rLA.xml",
                    "position": {
                        "startLine": 4,
                        "startColumn": 4,
                        "startOffset": 266,
                        "endColumn": 122,
                        "endOffset": 384
                    }
                }
            },
            {
                "to": {
                    "startLine": 5,
                    "startColumn": 4,
                    "startOffset": 389,
                    "endColumn": 96,
                    "endOffset": 481
                },
                "from": {
                    "file": "C:\\Users\\ADMIN\\.android\\build-cache\\95f3ac9d8d29c858841e3e7390a95721f395d906\\output\\res\\values-lo-rLA\\values-lo-rLA.xml",
                    "position": {
                        "startLine": 5,
                        "startColumn": 4,
                        "startOffset": 389,
                        "endColumn": 96,
                        "endOffset": 481
                    }
                }
            },
            {
                "to": {
                    "startLine": 6,
                    "startColumn": 4,
                    "startOffset": 486,
                    "endColumn": 106,
                    "endOffset": 588
                },
                "from": {
                    "file": "C:\\Users\\ADMIN\\.android\\build-cache\\95f3ac9d8d29c858841e3e7390a95721f395d906\\output\\res\\values-lo-rLA\\values-lo-rLA.xml",
                    "position": {
                        "startLine": 6,
                        "startColumn": 4,
                        "startOffset": 486,
                        "endColumn": 106,
                        "endOffset": 588
                    }
                }
            },
            {
                "to": {
                    "startLine": 7,
                    "startColumn": 4,
                    "startOffset": 593,
                    "endColumn": 84,
                    "endOffset": 673
                },
                "from": {
                    "file": "C:\\Users\\ADMIN\\.android\\build-cache\\95f3ac9d8d29c858841e3e7390a95721f395d906\\output\\res\\values-lo-rLA\\values-lo-rLA.xml",
                    "position": {
                        "startLine": 7,
                        "startColumn": 4,
                        "startOffset": 593,
                        "endColumn": 84,
                        "endOffset": 673
                    }
                }
            },
            {
                "to": {
                    "startLine": 8,
                    "startColumn": 4,
                    "startOffset": 678,
                    "endColumn": 104,
                    "endOffset": 778
                },
                "from": {
                    "file": "C:\\Users\\ADMIN\\.android\\build-cache\\95f3ac9d8d29c858841e3e7390a95721f395d906\\output\\res\\values-lo-rLA\\values-lo-rLA.xml",
                    "position": {
                        "startLine": 8,
                        "startColumn": 4,
                        "startOffset": 678,
                        "endColumn": 104,
                        "endOffset": 778
                    }
                }
            },
            {
                "to": {
                    "startLine": 9,
                    "startColumn": 4,
                    "startOffset": 783,
                    "endColumn": 111,
                    "endOffset": 890
                },
                "from": {
                    "file": "C:\\Users\\ADMIN\\.android\\build-cache\\95f3ac9d8d29c858841e3e7390a95721f395d906\\output\\res\\values-lo-rLA\\values-lo-rLA.xml",
                    "position": {
                        "startLine": 9,
                        "startColumn": 4,
                        "startOffset": 783,
                        "endColumn": 111,
                        "endOffset": 890
                    }
                }
            },
            {
                "to": {
                    "startLine": 10,
                    "startColumn": 4,
                    "startOffset": 895,
                    "endColumn": 76,
                    "endOffset": 967
                },
                "from": {
                    "file": "C:\\Users\\ADMIN\\.android\\build-cache\\95f3ac9d8d29c858841e3e7390a95721f395d906\\output\\res\\values-lo-rLA\\values-lo-rLA.xml",
                    "position": {
                        "startLine": 10,
                        "startColumn": 4,
                        "startOffset": 895,
                        "endColumn": 76,
                        "endOffset": 967
                    }
                }
            },
            {
                "to": {
                    "startLine": 11,
                    "startColumn": 4,
                    "startOffset": 972,
                    "endColumn": 77,
                    "endOffset": 1045
                },
                "from": {
                    "file": "C:\\Users\\ADMIN\\.android\\build-cache\\95f3ac9d8d29c858841e3e7390a95721f395d906\\output\\res\\values-lo-rLA\\values-lo-rLA.xml",
                    "position": {
                        "startLine": 11,
                        "startColumn": 4,
                        "startOffset": 972,
                        "endColumn": 77,
                        "endOffset": 1045
                    }
                }
            },
            {
                "to": {
                    "startLine": 12,
                    "startColumn": 4,
                    "startOffset": 1050,
                    "endColumn": 79,
                    "endOffset": 1125
                },
                "from": {
                    "file": "C:\\Users\\ADMIN\\.android\\build-cache\\95f3ac9d8d29c858841e3e7390a95721f395d906\\output\\res\\values-lo-rLA\\values-lo-rLA.xml",
                    "position": {
                        "startLine": 12,
                        "startColumn": 4,
                        "startOffset": 1050,
                        "endColumn": 79,
                        "endOffset": 1125
                    }
                }
            },
            {
                "to": {
                    "startLine": 13,
                    "startColumn": 4,
                    "startOffset": 1130,
                    "endColumn": 106,
                    "endOffset": 1232
                },
                "from": {
                    "file": "C:\\Users\\ADMIN\\.android\\build-cache\\95f3ac9d8d29c858841e3e7390a95721f395d906\\output\\res\\values-lo-rLA\\values-lo-rLA.xml",
                    "position": {
                        "startLine": 13,
                        "startColumn": 4,
                        "startOffset": 1130,
                        "endColumn": 106,
                        "endOffset": 1232
                    }
                }
            },
            {
                "to": {
                    "startLine": 14,
                    "startColumn": 4,
                    "startOffset": 1237,
                    "endColumn": 96,
                    "endOffset": 1329
                },
                "from": {
                    "file": "C:\\Users\\ADMIN\\.android\\build-cache\\95f3ac9d8d29c858841e3e7390a95721f395d906\\output\\res\\values-lo-rLA\\values-lo-rLA.xml",
                    "position": {
                        "startLine": 14,
                        "startColumn": 4,
                        "startOffset": 1237,
                        "endColumn": 96,
                        "endOffset": 1329
                    }
                }
            },
            {
                "to": {
                    "startLine": 15,
                    "startColumn": 4,
                    "startOffset": 1334,
                    "endColumn": 97,
                    "endOffset": 1427
                },
                "from": {
                    "file": "C:\\Users\\ADMIN\\.android\\build-cache\\95f3ac9d8d29c858841e3e7390a95721f395d906\\output\\res\\values-lo-rLA\\values-lo-rLA.xml",
                    "position": {
                        "startLine": 15,
                        "startColumn": 4,
                        "startOffset": 1334,
                        "endColumn": 97,
                        "endOffset": 1427
                    }
                }
            },
            {
                "to": {
                    "startLine": 16,
                    "startColumn": 4,
                    "startOffset": 1432,
                    "endColumn": 104,
                    "endOffset": 1532
                },
                "from": {
                    "file": "C:\\Users\\ADMIN\\.android\\build-cache\\95f3ac9d8d29c858841e3e7390a95721f395d906\\output\\res\\values-lo-rLA\\values-lo-rLA.xml",
                    "position": {
                        "startLine": 16,
                        "startColumn": 4,
                        "startOffset": 1432,
                        "endColumn": 104,
                        "endOffset": 1532
                    }
                }
            },
            {
                "to": {
                    "startLine": 17,
                    "startColumn": 4,
                    "startOffset": 1537,
                    "endColumn": 102,
                    "endOffset": 1635
                },
                "from": {
                    "file": "C:\\Users\\ADMIN\\.android\\build-cache\\95f3ac9d8d29c858841e3e7390a95721f395d906\\output\\res\\values-lo-rLA\\values-lo-rLA.xml",
                    "position": {
                        "startLine": 17,
                        "startColumn": 4,
                        "startOffset": 1537,
                        "endColumn": 102,
                        "endOffset": 1635
                    }
                }
            },
            {
                "to": {
                    "startLine": 18,
                    "startColumn": 4,
                    "startOffset": 1640,
                    "endColumn": 103,
                    "endOffset": 1739
                },
                "from": {
                    "file": "C:\\Users\\ADMIN\\.android\\build-cache\\95f3ac9d8d29c858841e3e7390a95721f395d906\\output\\res\\values-lo-rLA\\values-lo-rLA.xml",
                    "position": {
                        "startLine": 18,
                        "startColumn": 4,
                        "startOffset": 1640,
                        "endColumn": 103,
                        "endOffset": 1739
                    }
                }
            },
            {
                "to": {
                    "startLine": 19,
                    "startColumn": 4,
                    "startOffset": 1744,
                    "endColumn": 121,
                    "endOffset": 1861
                },
                "from": {
                    "file": "C:\\Users\\ADMIN\\.android\\build-cache\\95f3ac9d8d29c858841e3e7390a95721f395d906\\output\\res\\values-lo-rLA\\values-lo-rLA.xml",
                    "position": {
                        "startLine": 19,
                        "startColumn": 4,
                        "startOffset": 1744,
                        "endColumn": 121,
                        "endOffset": 1861
                    }
                }
            },
            {
                "to": {
                    "startLine": 20,
                    "startColumn": 4,
                    "startOffset": 1866,
                    "endColumn": 95,
                    "endOffset": 1957
                },
                "from": {
                    "file": "C:\\Users\\ADMIN\\.android\\build-cache\\95f3ac9d8d29c858841e3e7390a95721f395d906\\output\\res\\values-lo-rLA\\values-lo-rLA.xml",
                    "position": {
                        "startLine": 20,
                        "startColumn": 4,
                        "startOffset": 1866,
                        "endColumn": 95,
                        "endOffset": 1957
                    }
                }
            },
            {
                "to": {
                    "startLine": 21,
                    "startColumn": 4,
                    "startOffset": 1962,
                    "endColumn": 112,
                    "endOffset": 2070
                },
                "from": {
                    "file": "C:\\Users\\ADMIN\\.android\\build-cache\\a2b3d40b12d9610bee7ce2deaedc414c5fd6b5b0\\output\\res\\values-lo-rLA\\values-lo-rLA.xml",
                    "position": {
                        "startLine": 4,
                        "startColumn": 4,
                        "startOffset": 282,
                        "endColumn": 112,
                        "endOffset": 390
                    }
                }
            },
            {
                "to": {
                    "startLine": 22,
                    "startColumn": 4,
                    "startOffset": 2075,
                    "endColumn": 111,
                    "endOffset": 2182
                },
                "from": {
                    "file": "C:\\Users\\ADMIN\\.android\\build-cache\\a2b3d40b12d9610bee7ce2deaedc414c5fd6b5b0\\output\\res\\values-lo-rLA\\values-lo-rLA.xml",
                    "position": {
                        "startLine": 5,
                        "startColumn": 4,
                        "startOffset": 395,
                        "endColumn": 111,
                        "endOffset": 502
                    }
                }
            },
            {
                "to": {
                    "startLine": 23,
                    "startColumn": 4,
                    "startOffset": 2187,
                    "endColumn": 105,
                    "endOffset": 2288
                },
                "from": {
                    "file": "C:\\Users\\ADMIN\\.android\\build-cache\\a2b3d40b12d9610bee7ce2deaedc414c5fd6b5b0\\output\\res\\values-lo-rLA\\values-lo-rLA.xml",
                    "position": {
                        "startLine": 6,
                        "startColumn": 4,
                        "startOffset": 507,
                        "endColumn": 105,
                        "endOffset": 608
                    }
                }
            },
            {
                "to": {
                    "startLine": 24,
                    "startColumn": 4,
                    "startOffset": 2293,
                    "endColumn": 109,
                    "endOffset": 2398
                },
                "from": {
                    "file": "C:\\Users\\ADMIN\\.android\\build-cache\\a2b3d40b12d9610bee7ce2deaedc414c5fd6b5b0\\output\\res\\values-lo-rLA\\values-lo-rLA.xml",
                    "position": {
                        "startLine": 7,
                        "startColumn": 4,
                        "startOffset": 613,
                        "endColumn": 109,
                        "endOffset": 718
                    }
                }
            },
            {
                "to": {
                    "startLine": 25,
                    "startColumn": 4,
                    "startOffset": 2403,
                    "endColumn": 120,
                    "endOffset": 2519
                },
                "from": {
                    "file": "C:\\Users\\ADMIN\\.android\\build-cache\\a2b3d40b12d9610bee7ce2deaedc414c5fd6b5b0\\output\\res\\values-lo-rLA\\values-lo-rLA.xml",
                    "position": {
                        "startLine": 8,
                        "startColumn": 4,
                        "startOffset": 723,
                        "endColumn": 120,
                        "endOffset": 839
                    }
                }
            },
            {
                "to": {
                    "startLine": 26,
                    "startColumn": 4,
                    "startOffset": 2524,
                    "endColumn": 100,
                    "endOffset": 2620
                },
                "from": {
                    "file": "C:\\Users\\ADMIN\\.android\\build-cache\\a2b3d40b12d9610bee7ce2deaedc414c5fd6b5b0\\output\\res\\values-lo-rLA\\values-lo-rLA.xml",
                    "position": {
                        "startLine": 9,
                        "startColumn": 4,
                        "startOffset": 844,
                        "endColumn": 100,
                        "endOffset": 940
                    }
                }
            },
            {
                "to": {
                    "startLine": 27,
                    "startColumn": 4,
                    "startOffset": 2625,
                    "endColumn": 94,
                    "endOffset": 2715
                },
                "from": {
                    "file": "C:\\Users\\ADMIN\\.android\\build-cache\\a2b3d40b12d9610bee7ce2deaedc414c5fd6b5b0\\output\\res\\values-lo-rLA\\values-lo-rLA.xml",
                    "position": {
                        "startLine": 10,
                        "startColumn": 4,
                        "startOffset": 945,
                        "endColumn": 94,
                        "endOffset": 1035
                    }
                }
            },
            {
                "to": {
                    "startLine": 28,
                    "startColumn": 4,
                    "startOffset": 2720,
                    "endColumn": 126,
                    "endOffset": 2842
                },
                "from": {
                    "file": "C:\\Users\\ADMIN\\.android\\build-cache\\a2b3d40b12d9610bee7ce2deaedc414c5fd6b5b0\\output\\res\\values-lo-rLA\\values-lo-rLA.xml",
                    "position": {
                        "startLine": 11,
                        "startColumn": 4,
                        "startOffset": 1040,
                        "endColumn": 126,
                        "endOffset": 1162
                    }
                }
            },
            {
                "to": {
                    "startLine": 29,
                    "startColumn": 4,
                    "startOffset": 2847,
                    "endColumn": 105,
                    "endOffset": 2948
                },
                "from": {
                    "file": "C:\\Users\\ADMIN\\.android\\build-cache\\a2b3d40b12d9610bee7ce2deaedc414c5fd6b5b0\\output\\res\\values-lo-rLA\\values-lo-rLA.xml",
                    "position": {
                        "startLine": 12,
                        "startColumn": 4,
                        "startOffset": 1167,
                        "endColumn": 105,
                        "endOffset": 1268
                    }
                }
            },
            {
                "to": {
                    "startLine": 30,
                    "startColumn": 4,
                    "startOffset": 2953,
                    "endColumn": 84,
                    "endOffset": 3033
                },
                "from": {
                    "file": "C:\\Users\\ADMIN\\.android\\build-cache\\a2b3d40b12d9610bee7ce2deaedc414c5fd6b5b0\\output\\res\\values-lo-rLA\\values-lo-rLA.xml",
                    "position": {
                        "startLine": 13,
                        "startColumn": 4,
                        "startOffset": 1273,
                        "endColumn": 84,
                        "endOffset": 1353
                    }
                }
            },
            {
                "to": {
                    "startLine": 31,
                    "startColumn": 4,
                    "startOffset": 3038,
                    "endColumn": 93,
                    "endOffset": 3127
                },
                "from": {
                    "file": "C:\\Users\\ADMIN\\.android\\build-cache\\a2b3d40b12d9610bee7ce2deaedc414c5fd6b5b0\\output\\res\\values-lo-rLA\\values-lo-rLA.xml",
                    "position": {
                        "startLine": 14,
                        "startColumn": 4,
                        "startOffset": 1358,
                        "endColumn": 93,
                        "endOffset": 1447
                    }
                }
            },
            {
                "to": {
                    "startLine": 32,
                    "startColumn": 4,
                    "startOffset": 3132,
                    "endColumn": 80,
                    "endOffset": 3208
                },
                "from": {
                    "file": "C:\\Users\\ADMIN\\.android\\build-cache\\95f3ac9d8d29c858841e3e7390a95721f395d906\\output\\res\\values-lo-rLA\\values-lo-rLA.xml",
                    "position": {
                        "startLine": 21,
                        "startColumn": 4,
                        "startOffset": 1962,
                        "endColumn": 80,
                        "endOffset": 2038
                    }
                }
            },
            {
                "to": {
                    "startLine": 33,
                    "startColumn": 4,
                    "startOffset": 3213,
                    "endColumn": 100,
                    "endOffset": 3309
                },
                "from": {
                    "file": "C:\\Users\\ADMIN\\.android\\build-cache\\95f3ac9d8d29c858841e3e7390a95721f395d906\\output\\res\\values-lo-rLA\\values-lo-rLA.xml",
                    "position": {
                        "startLine": 22,
                        "startColumn": 4,
                        "startOffset": 2043,
                        "endColumn": 100,
                        "endOffset": 2139
                    }
                }
            }
        ]
    }
]