[
    {
        "outputFile": "E:\\Android Studio\\Call recorders\\asfak\\CallRecorder\\app\\build\\intermediates\\incremental\\mergeDebugResources\\merged.dir\\values-ne-rNP\\values-ne-rNP.xml",
        "map": [
            {
                "to": {
                    "startLine": 2,
                    "startColumn": 4,
                    "startOffset": 55,
                    "endColumn": 104,
                    "endOffset": 155
                },
                "from": {
                    "file": "C:\\Users\\ADMIN\\.android\\build-cache\\95f3ac9d8d29c858841e3e7390a95721f395d906\\output\\res\\values-ne-rNP\\values-ne-rNP.xml",
                    "position": {
                        "startLine": 2,
                        "startColumn": 4,
                        "startOffset": 55,
                        "endColumn": 104,
                        "endOffset": 155
                    }
                }
            },
            {
                "to": {
                    "startLine": 3,
                    "startColumn": 4,
                    "startOffset": 160,
                    "endColumn": 107,
                    "endOffset": 263
                },
                "from": {
                    "file": "C:\\Users\\ADMIN\\.android\\build-cache\\95f3ac9d8d29c858841e3e7390a95721f395d906\\output\\res\\values-ne-rNP\\values-ne-rNP.xml",
                    "position": {
                        "startLine": 3,
                        "startColumn": 4,
                        "startOffset": 160,
                        "endColumn": 107,
                        "endOffset": 263
                    }
                }
            },
            {
                "to": {
                    "startLine": 4,
                    "startColumn": 4,
                    "startOffset": 268,
                    "endColumn": 122,
                    "endOffset": 386
                },
                "from": {
                    "file": "C:\\Users\\ADMIN\\.android\\build-cache\\95f3ac9d8d29c858841e3e7390a95721f395d906\\output\\res\\values-ne-rNP\\values-ne-rNP.xml",
                    "position": {
                        "startLine": 4,
                        "startColumn": 4,
                        "startOffset": 268,
                        "endColumn": 122,
                        "endOffset": 386
                    }
                }
            },
            {
                "to": {
                    "startLine": 5,
                    "startColumn": 4,
                    "startOffset": 391,
                    "endColumn": 103,
                    "endOffset": 490
                },
                "from": {
                    "file": "C:\\Users\\ADMIN\\.android\\build-cache\\95f3ac9d8d29c858841e3e7390a95721f395d906\\output\\res\\values-ne-rNP\\values-ne-rNP.xml",
                    "position": {
                        "startLine": 5,
                        "startColumn": 4,
                        "startOffset": 391,
                        "endColumn": 103,
                        "endOffset": 490
                    }
                }
            },
            {
                "to": {
                    "startLine": 6,
                    "startColumn": 4,
                    "startOffset": 495,
                    "endColumn": 107,
                    "endOffset": 598
                },
                "from": {
                    "file": "C:\\Users\\ADMIN\\.android\\build-cache\\95f3ac9d8d29c858841e3e7390a95721f395d906\\output\\res\\values-ne-rNP\\values-ne-rNP.xml",
                    "position": {
                        "startLine": 6,
                        "startColumn": 4,
                        "startOffset": 495,
                        "endColumn": 107,
                        "endOffset": 598
                    }
                }
            },
            {
                "to": {
                    "startLine": 7,
                    "startColumn": 4,
                    "startOffset": 603,
                    "endColumn": 90,
                    "endOffset": 689
                },
                "from": {
                    "file": "C:\\Users\\ADMIN\\.android\\build-cache\\95f3ac9d8d29c858841e3e7390a95721f395d906\\output\\res\\values-ne-rNP\\values-ne-rNP.xml",
                    "position": {
                        "startLine": 7,
                        "startColumn": 4,
                        "startOffset": 603,
                        "endColumn": 90,
                        "endOffset": 689
                    }
                }
            },
            {
                "to": {
                    "startLine": 8,
                    "startColumn": 4,
                    "startOffset": 694,
                    "endColumn": 106,
                    "endOffset": 796
                },
                "from": {
                    "file": "C:\\Users\\ADMIN\\.android\\build-cache\\95f3ac9d8d29c858841e3e7390a95721f395d906\\output\\res\\values-ne-rNP\\values-ne-rNP.xml",
                    "position": {
                        "startLine": 8,
                        "startColumn": 4,
                        "startOffset": 694,
                        "endColumn": 106,
                        "endOffset": 796
                    }
                }
            },
            {
                "to": {
                    "startLine": 9,
                    "startColumn": 4,
                    "startOffset": 801,
                    "endColumn": 126,
                    "endOffset": 923
                },
                "from": {
                    "file": "C:\\Users\\ADMIN\\.android\\build-cache\\95f3ac9d8d29c858841e3e7390a95721f395d906\\output\\res\\values-ne-rNP\\values-ne-rNP.xml",
                    "position": {
                        "startLine": 9,
                        "startColumn": 4,
                        "startOffset": 801,
                        "endColumn": 126,
                        "endOffset": 923
                    }
                }
            },
            {
                "to": {
                    "startLine": 10,
                    "startColumn": 4,
                    "startOffset": 928,
                    "endColumn": 93,
                    "endOffset": 1017
                },
                "from": {
                    "file": "C:\\Users\\ADMIN\\.android\\build-cache\\95f3ac9d8d29c858841e3e7390a95721f395d906\\output\\res\\values-ne-rNP\\values-ne-rNP.xml",
                    "position": {
                        "startLine": 10,
                        "startColumn": 4,
                        "startOffset": 928,
                        "endColumn": 93,
                        "endOffset": 1017
                    }
                }
            },
            {
                "to": {
                    "startLine": 11,
                    "startColumn": 4,
                    "startOffset": 1022,
                    "endColumn": 89,
                    "endOffset": 1107
                },
                "from": {
                    "file": "C:\\Users\\ADMIN\\.android\\build-cache\\95f3ac9d8d29c858841e3e7390a95721f395d906\\output\\res\\values-ne-rNP\\values-ne-rNP.xml",
                    "position": {
                        "startLine": 11,
                        "startColumn": 4,
                        "startOffset": 1022,
                        "endColumn": 89,
                        "endOffset": 1107
                    }
                }
            },
            {
                "to": {
                    "startLine": 12,
                    "startColumn": 4,
                    "startOffset": 1112,
                    "endColumn": 87,
                    "endOffset": 1195
                },
                "from": {
                    "file": "C:\\Users\\ADMIN\\.android\\build-cache\\95f3ac9d8d29c858841e3e7390a95721f395d906\\output\\res\\values-ne-rNP\\values-ne-rNP.xml",
                    "position": {
                        "startLine": 12,
                        "startColumn": 4,
                        "startOffset": 1112,
                        "endColumn": 87,
                        "endOffset": 1195
                    }
                }
            },
            {
                "to": {
                    "startLine": 13,
                    "startColumn": 4,
                    "startOffset": 1200,
                    "endColumn": 109,
                    "endOffset": 1305
                },
                "from": {
                    "file": "C:\\Users\\ADMIN\\.android\\build-cache\\95f3ac9d8d29c858841e3e7390a95721f395d906\\output\\res\\values-ne-rNP\\values-ne-rNP.xml",
                    "position": {
                        "startLine": 13,
                        "startColumn": 4,
                        "startOffset": 1200,
                        "endColumn": 109,
                        "endOffset": 1305
                    }
                }
            },
            {
                "to": {
                    "startLine": 14,
                    "startColumn": 4,
                    "startOffset": 1310,
                    "endColumn": 115,
                    "endOffset": 1421
                },
                "from": {
                    "file": "C:\\Users\\ADMIN\\.android\\build-cache\\95f3ac9d8d29c858841e3e7390a95721f395d906\\output\\res\\values-ne-rNP\\values-ne-rNP.xml",
                    "position": {
                        "startLine": 14,
                        "startColumn": 4,
                        "startOffset": 1310,
                        "endColumn": 115,
                        "endOffset": 1421
                    }
                }
            },
            {
                "to": {
                    "startLine": 15,
                    "startColumn": 4,
                    "startOffset": 1426,
                    "endColumn": 102,
                    "endOffset": 1524
                },
                "from": {
                    "file": "C:\\Users\\ADMIN\\.android\\build-cache\\95f3ac9d8d29c858841e3e7390a95721f395d906\\output\\res\\values-ne-rNP\\values-ne-rNP.xml",
                    "position": {
                        "startLine": 15,
                        "startColumn": 4,
                        "startOffset": 1426,
                        "endColumn": 102,
                        "endOffset": 1524
                    }
                }
            },
            {
                "to": {
                    "startLine": 16,
                    "startColumn": 4,
                    "startOffset": 1529,
                    "endColumn": 114,
                    "endOffset": 1639
                },
                "from": {
                    "file": "C:\\Users\\ADMIN\\.android\\build-cache\\95f3ac9d8d29c858841e3e7390a95721f395d906\\output\\res\\values-ne-rNP\\values-ne-rNP.xml",
                    "position": {
                        "startLine": 16,
                        "startColumn": 4,
                        "startOffset": 1529,
                        "endColumn": 114,
                        "endOffset": 1639
                    }
                }
            },
            {
                "to": {
                    "startLine": 17,
                    "startColumn": 4,
                    "startOffset": 1644,
                    "endColumn": 101,
                    "endOffset": 1741
                },
                "from": {
                    "file": "C:\\Users\\ADMIN\\.android\\build-cache\\95f3ac9d8d29c858841e3e7390a95721f395d906\\output\\res\\values-ne-rNP\\values-ne-rNP.xml",
                    "position": {
                        "startLine": 17,
                        "startColumn": 4,
                        "startOffset": 1644,
                        "endColumn": 101,
                        "endOffset": 1741
                    }
                }
            },
            {
                "to": {
                    "startLine": 18,
                    "startColumn": 4,
                    "startOffset": 1746,
                    "endColumn": 114,
                    "endOffset": 1856
                },
                "from": {
                    "file": "C:\\Users\\ADMIN\\.android\\build-cache\\95f3ac9d8d29c858841e3e7390a95721f395d906\\output\\res\\values-ne-rNP\\values-ne-rNP.xml",
                    "position": {
                        "startLine": 18,
                        "startColumn": 4,
                        "startOffset": 1746,
                        "endColumn": 114,
                        "endOffset": 1856
                    }
                }
            },
            {
                "to": {
                    "startLine": 19,
                    "startColumn": 4,
                    "startOffset": 1861,
                    "endColumn": 130,
                    "endOffset": 1987
                },
                "from": {
                    "file": "C:\\Users\\ADMIN\\.android\\build-cache\\95f3ac9d8d29c858841e3e7390a95721f395d906\\output\\res\\values-ne-rNP\\values-ne-rNP.xml",
                    "position": {
                        "startLine": 19,
                        "startColumn": 4,
                        "startOffset": 1861,
                        "endColumn": 130,
                        "endOffset": 1987
                    }
                }
            },
            {
                "to": {
                    "startLine": 20,
                    "startColumn": 4,
                    "startOffset": 1992,
                    "endColumn": 111,
                    "endOffset": 2099
                },
                "from": {
                    "file": "C:\\Users\\ADMIN\\.android\\build-cache\\95f3ac9d8d29c858841e3e7390a95721f395d906\\output\\res\\values-ne-rNP\\values-ne-rNP.xml",
                    "position": {
                        "startLine": 20,
                        "startColumn": 4,
                        "startOffset": 1992,
                        "endColumn": 111,
                        "endOffset": 2099
                    }
                }
            },
            {
                "to": {
                    "startLine": 21,
                    "startColumn": 4,
                    "startOffset": 2104,
                    "endColumn": 105,
                    "endOffset": 2205
                },
                "from": {
                    "file": "C:\\Users\\ADMIN\\.android\\build-cache\\a2b3d40b12d9610bee7ce2deaedc414c5fd6b5b0\\output\\res\\values-ne-rNP\\values-ne-rNP.xml",
                    "position": {
                        "startLine": 4,
                        "startColumn": 4,
                        "startOffset": 282,
                        "endColumn": 105,
                        "endOffset": 383
                    }
                }
            },
            {
                "to": {
                    "startLine": 22,
                    "startColumn": 4,
                    "startOffset": 2210,
                    "endColumn": 121,
                    "endOffset": 2327
                },
                "from": {
                    "file": "C:\\Users\\ADMIN\\.android\\build-cache\\a2b3d40b12d9610bee7ce2deaedc414c5fd6b5b0\\output\\res\\values-ne-rNP\\values-ne-rNP.xml",
                    "position": {
                        "startLine": 5,
                        "startColumn": 4,
                        "startOffset": 388,
                        "endColumn": 121,
                        "endOffset": 505
                    }
                }
            },
            {
                "to": {
                    "startLine": 23,
                    "startColumn": 4,
                    "startOffset": 2332,
                    "endColumn": 110,
                    "endOffset": 2438
                },
                "from": {
                    "file": "C:\\Users\\ADMIN\\.android\\build-cache\\a2b3d40b12d9610bee7ce2deaedc414c5fd6b5b0\\output\\res\\values-ne-rNP\\values-ne-rNP.xml",
                    "position": {
                        "startLine": 6,
                        "startColumn": 4,
                        "startOffset": 510,
                        "endColumn": 110,
                        "endOffset": 616
                    }
                }
            },
            {
                "to": {
                    "startLine": 24,
                    "startColumn": 4,
                    "startOffset": 2443,
                    "endColumn": 112,
                    "endOffset": 2551
                },
                "from": {
                    "file": "C:\\Users\\ADMIN\\.android\\build-cache\\a2b3d40b12d9610bee7ce2deaedc414c5fd6b5b0\\output\\res\\values-ne-rNP\\values-ne-rNP.xml",
                    "position": {
                        "startLine": 7,
                        "startColumn": 4,
                        "startOffset": 621,
                        "endColumn": 112,
                        "endOffset": 729
                    }
                }
            },
            {
                "to": {
                    "startLine": 25,
                    "startColumn": 4,
                    "startOffset": 2556,
                    "endColumn": 120,
                    "endOffset": 2672
                },
                "from": {
                    "file": "C:\\Users\\ADMIN\\.android\\build-cache\\a2b3d40b12d9610bee7ce2deaedc414c5fd6b5b0\\output\\res\\values-ne-rNP\\values-ne-rNP.xml",
                    "position": {
                        "startLine": 8,
                        "startColumn": 4,
                        "startOffset": 734,
                        "endColumn": 120,
                        "endOffset": 850
                    }
                }
            },
            {
                "to": {
                    "startLine": 26,
                    "startColumn": 4,
                    "startOffset": 2677,
                    "endColumn": 100,
                    "endOffset": 2773
                },
                "from": {
                    "file": "C:\\Users\\ADMIN\\.android\\build-cache\\a2b3d40b12d9610bee7ce2deaedc414c5fd6b5b0\\output\\res\\values-ne-rNP\\values-ne-rNP.xml",
                    "position": {
                        "startLine": 9,
                        "startColumn": 4,
                        "startOffset": 855,
                        "endColumn": 100,
                        "endOffset": 951
                    }
                }
            },
            {
                "to": {
                    "startLine": 27,
                    "startColumn": 4,
                    "startOffset": 2778,
                    "endColumn": 99,
                    "endOffset": 2873
                },
                "from": {
                    "file": "C:\\Users\\ADMIN\\.android\\build-cache\\a2b3d40b12d9610bee7ce2deaedc414c5fd6b5b0\\output\\res\\values-ne-rNP\\values-ne-rNP.xml",
                    "position": {
                        "startLine": 10,
                        "startColumn": 4,
                        "startOffset": 956,
                        "endColumn": 99,
                        "endOffset": 1051
                    }
                }
            },
            {
                "to": {
                    "startLine": 28,
                    "startColumn": 4,
                    "startOffset": 2878,
                    "endColumn": 115,
                    "endOffset": 2989
                },
                "from": {
                    "file": "C:\\Users\\ADMIN\\.android\\build-cache\\a2b3d40b12d9610bee7ce2deaedc414c5fd6b5b0\\output\\res\\values-ne-rNP\\values-ne-rNP.xml",
                    "position": {
                        "startLine": 11,
                        "startColumn": 4,
                        "startOffset": 1056,
                        "endColumn": 115,
                        "endOffset": 1167
                    }
                }
            },
            {
                "to": {
                    "startLine": 29,
                    "startColumn": 4,
                    "startOffset": 2994,
                    "endColumn": 108,
                    "endOffset": 3098
                },
                "from": {
                    "file": "C:\\Users\\ADMIN\\.android\\build-cache\\a2b3d40b12d9610bee7ce2deaedc414c5fd6b5b0\\output\\res\\values-ne-rNP\\values-ne-rNP.xml",
                    "position": {
                        "startLine": 12,
                        "startColumn": 4,
                        "startOffset": 1172,
                        "endColumn": 108,
                        "endOffset": 1276
                    }
                }
            },
            {
                "to": {
                    "startLine": 30,
                    "startColumn": 4,
                    "startOffset": 3103,
                    "endColumn": 86,
                    "endOffset": 3185
                },
                "from": {
                    "file": "C:\\Users\\ADMIN\\.android\\build-cache\\a2b3d40b12d9610bee7ce2deaedc414c5fd6b5b0\\output\\res\\values-ne-rNP\\values-ne-rNP.xml",
                    "position": {
                        "startLine": 13,
                        "startColumn": 4,
                        "startOffset": 1281,
                        "endColumn": 86,
                        "endOffset": 1363
                    }
                }
            },
            {
                "to": {
                    "startLine": 31,
                    "startColumn": 4,
                    "startOffset": 3190,
                    "endColumn": 94,
                    "endOffset": 3280
                },
                "from": {
                    "file": "C:\\Users\\ADMIN\\.android\\build-cache\\a2b3d40b12d9610bee7ce2deaedc414c5fd6b5b0\\output\\res\\values-ne-rNP\\values-ne-rNP.xml",
                    "position": {
                        "startLine": 14,
                        "startColumn": 4,
                        "startOffset": 1368,
                        "endColumn": 94,
                        "endOffset": 1458
                    }
                }
            },
            {
                "to": {
                    "startLine": 32,
                    "startColumn": 4,
                    "startOffset": 3285,
                    "endColumn": 85,
                    "endOffset": 3366
                },
                "from": {
                    "file": "C:\\Users\\ADMIN\\.android\\build-cache\\95f3ac9d8d29c858841e3e7390a95721f395d906\\output\\res\\values-ne-rNP\\values-ne-rNP.xml",
                    "position": {
                        "startLine": 21,
                        "startColumn": 4,
                        "startOffset": 2104,
                        "endColumn": 85,
                        "endOffset": 2185
                    }
                }
            },
            {
                "to": {
                    "startLine": 33,
                    "startColumn": 4,
                    "startOffset": 3371,
                    "endColumn": 100,
                    "endOffset": 3467
                },
                "from": {
                    "file": "C:\\Users\\ADMIN\\.android\\build-cache\\95f3ac9d8d29c858841e3e7390a95721f395d906\\output\\res\\values-ne-rNP\\values-ne-rNP.xml",
                    "position": {
                        "startLine": 22,
                        "startColumn": 4,
                        "startOffset": 2190,
                        "endColumn": 100,
                        "endOffset": 2286
                    }
                }
            }
        ]
    }
]