[
    {
        "outputFile": "E:\\Android Studio\\Call recorders\\asfak\\CallRecorder\\app\\build\\intermediates\\incremental\\mergeDebugResources\\merged.dir\\values-is\\values-is.xml",
        "map": [
            {
                "to": {
                    "startLine": 2,
                    "startColumn": 4,
                    "startOffset": 105,
                    "endColumn": 262,
                    "endOffset": 363
                },
                "from": {
                    "file": "C:\\Users\\ADMIN\\.android\\build-cache\\fe541dc57c9d228369ed2110591b9ddf40b761e0\\output\\res\\values-is\\values.xml",
                    "position": {
                        "startLine": 4,
                        "startColumn": 4,
                        "startOffset": 323,
                        "endColumn": 262,
                        "endOffset": 581
                    }
                }
            },
            {
                "to": {
                    "startLine": 3,
                    "startColumn": 4,
                    "startOffset": 368,
                    "endColumn": 127,
                    "endOffset": 491
                },
                "from": {
                    "file": "C:\\Users\\ADMIN\\.android\\build-cache\\fe541dc57c9d228369ed2110591b9ddf40b761e0\\output\\res\\values-is\\values.xml",
                    "position": {
                        "startLine": 5,
                        "startColumn": 4,
                        "startOffset": 586,
                        "endColumn": 127,
                        "endOffset": 709
                    }
                }
            },
            {
                "to": {
                    "startLine": 4,
                    "startColumn": 4,
                    "startOffset": 496,
                    "endColumn": 185,
                    "endOffset": 677
                },
                "from": {
                    "file": "C:\\Users\\ADMIN\\.android\\build-cache\\fe541dc57c9d228369ed2110591b9ddf40b761e0\\output\\res\\values-is\\values.xml",
                    "position": {
                        "startLine": 6,
                        "startColumn": 4,
                        "startOffset": 714,
                        "endColumn": 185,
                        "endOffset": 895
                    }
                }
            },
            {
                "to": {
                    "startLine": 5,
                    "startColumn": 4,
                    "startOffset": 682,
                    "endColumn": 126,
                    "endOffset": 804
                },
                "from": {
                    "file": "C:\\Users\\ADMIN\\.android\\build-cache\\fe541dc57c9d228369ed2110591b9ddf40b761e0\\output\\res\\values-is\\values.xml",
                    "position": {
                        "startLine": 7,
                        "startColumn": 4,
                        "startOffset": 900,
                        "endColumn": 126,
                        "endOffset": 1022
                    }
                }
            },
            {
                "to": {
                    "startLine": 6,
                    "startColumn": 4,
                    "startOffset": 809,
                    "endColumn": 127,
                    "endOffset": 932
                },
                "from": {
                    "file": "C:\\Users\\ADMIN\\.android\\build-cache\\fe541dc57c9d228369ed2110591b9ddf40b761e0\\output\\res\\values-is\\values.xml",
                    "position": {
                        "startLine": 8,
                        "startColumn": 4,
                        "startOffset": 1027,
                        "endColumn": 127,
                        "endOffset": 1150
                    }
                }
            },
            {
                "to": {
                    "startLine": 7,
                    "startColumn": 4,
                    "startOffset": 937,
                    "endColumn": 206,
                    "endOffset": 1139
                },
                "from": {
                    "file": "C:\\Users\\ADMIN\\.android\\build-cache\\fe541dc57c9d228369ed2110591b9ddf40b761e0\\output\\res\\values-is\\values.xml",
                    "position": {
                        "startLine": 9,
                        "startColumn": 4,
                        "startOffset": 1155,
                        "endColumn": 206,
                        "endOffset": 1357
                    }
                }
            },
            {
                "to": {
                    "startLine": 8,
                    "startColumn": 4,
                    "startOffset": 1144,
                    "endColumn": 214,
                    "endOffset": 1354
                },
                "from": {
                    "file": "C:\\Users\\ADMIN\\.android\\build-cache\\fe541dc57c9d228369ed2110591b9ddf40b761e0\\output\\res\\values-is\\values.xml",
                    "position": {
                        "startLine": 10,
                        "startColumn": 4,
                        "startOffset": 1362,
                        "endColumn": 214,
                        "endOffset": 1572
                    }
                }
            },
            {
                "to": {
                    "startLine": 9,
                    "startColumn": 4,
                    "startOffset": 1359,
                    "endColumn": 126,
                    "endOffset": 1481
                },
                "from": {
                    "file": "C:\\Users\\ADMIN\\.android\\build-cache\\fe541dc57c9d228369ed2110591b9ddf40b761e0\\output\\res\\values-is\\values.xml",
                    "position": {
                        "startLine": 11,
                        "startColumn": 4,
                        "startOffset": 1577,
                        "endColumn": 126,
                        "endOffset": 1699
                    }
                }
            },
            {
                "to": {
                    "startLine": 10,
                    "startColumn": 4,
                    "startOffset": 1486,
                    "endColumn": 183,
                    "endOffset": 1665
                },
                "from": {
                    "file": "C:\\Users\\ADMIN\\.android\\build-cache\\fe541dc57c9d228369ed2110591b9ddf40b761e0\\output\\res\\values-is\\values.xml",
                    "position": {
                        "startLine": 12,
                        "startColumn": 4,
                        "startOffset": 1704,
                        "endColumn": 183,
                        "endOffset": 1883
                    }
                }
            },
            {
                "to": {
                    "startLine": 11,
                    "startColumn": 4,
                    "startOffset": 1670,
                    "endColumn": 126,
                    "endOffset": 1792
                },
                "from": {
                    "file": "C:\\Users\\ADMIN\\.android\\build-cache\\fe541dc57c9d228369ed2110591b9ddf40b761e0\\output\\res\\values-is\\values.xml",
                    "position": {
                        "startLine": 13,
                        "startColumn": 4,
                        "startOffset": 1888,
                        "endColumn": 126,
                        "endOffset": 2010
                    }
                }
            },
            {
                "to": {
                    "startLine": 12,
                    "startColumn": 4,
                    "startOffset": 1797,
                    "endColumn": 168,
                    "endOffset": 1961
                },
                "from": {
                    "file": "C:\\Users\\ADMIN\\.android\\build-cache\\fe541dc57c9d228369ed2110591b9ddf40b761e0\\output\\res\\values-is\\values.xml",
                    "position": {
                        "startLine": 14,
                        "startColumn": 4,
                        "startOffset": 2015,
                        "endColumn": 168,
                        "endOffset": 2179
                    }
                }
            },
            {
                "to": {
                    "startLine": 13,
                    "startColumn": 4,
                    "startOffset": 1966,
                    "endColumn": 114,
                    "endOffset": 2076
                },
                "from": {
                    "file": "C:\\Users\\ADMIN\\.android\\build-cache\\fe541dc57c9d228369ed2110591b9ddf40b761e0\\output\\res\\values-is\\values.xml",
                    "position": {
                        "startLine": 15,
                        "startColumn": 4,
                        "startOffset": 2184,
                        "endColumn": 114,
                        "endOffset": 2294
                    }
                }
            },
            {
                "to": {
                    "startLine": 14,
                    "startColumn": 4,
                    "startOffset": 2081,
                    "endColumn": 133,
                    "endOffset": 2210
                },
                "from": {
                    "file": "C:\\Users\\ADMIN\\.android\\build-cache\\fe541dc57c9d228369ed2110591b9ddf40b761e0\\output\\res\\values-is\\values.xml",
                    "position": {
                        "startLine": 16,
                        "startColumn": 4,
                        "startOffset": 2299,
                        "endColumn": 133,
                        "endOffset": 2428
                    }
                }
            },
            {
                "to": {
                    "startLine": 15,
                    "startColumn": 4,
                    "startOffset": 2215,
                    "endColumn": 181,
                    "endOffset": 2392
                },
                "from": {
                    "file": "C:\\Users\\ADMIN\\.android\\build-cache\\fe541dc57c9d228369ed2110591b9ddf40b761e0\\output\\res\\values-is\\values.xml",
                    "position": {
                        "startLine": 17,
                        "startColumn": 4,
                        "startOffset": 2433,
                        "endColumn": 181,
                        "endOffset": 2610
                    }
                }
            },
            {
                "to": {
                    "startLine": 16,
                    "startColumn": 4,
                    "startOffset": 2397,
                    "endColumn": 148,
                    "endOffset": 2541
                },
                "from": {
                    "file": "C:\\Users\\ADMIN\\.android\\build-cache\\fe541dc57c9d228369ed2110591b9ddf40b761e0\\output\\res\\values-is\\values.xml",
                    "position": {
                        "startLine": 18,
                        "startColumn": 4,
                        "startOffset": 2615,
                        "endColumn": 148,
                        "endOffset": 2759
                    }
                }
            },
            {
                "to": {
                    "startLine": 17,
                    "startColumn": 4,
                    "startOffset": 2546,
                    "endColumn": 174,
                    "endOffset": 2716
                },
                "from": {
                    "file": "C:\\Users\\ADMIN\\.android\\build-cache\\fe541dc57c9d228369ed2110591b9ddf40b761e0\\output\\res\\values-is\\values.xml",
                    "position": {
                        "startLine": 19,
                        "startColumn": 4,
                        "startOffset": 2764,
                        "endColumn": 174,
                        "endOffset": 2934
                    }
                }
            },
            {
                "to": {
                    "startLine": 18,
                    "startColumn": 4,
                    "startOffset": 2721,
                    "endColumn": 125,
                    "endOffset": 2842
                },
                "from": {
                    "file": "C:\\Users\\ADMIN\\.android\\build-cache\\fe541dc57c9d228369ed2110591b9ddf40b761e0\\output\\res\\values-is\\values.xml",
                    "position": {
                        "startLine": 20,
                        "startColumn": 4,
                        "startOffset": 2939,
                        "endColumn": 125,
                        "endOffset": 3060
                    }
                }
            },
            {
                "to": {
                    "startLine": 19,
                    "startColumn": 4,
                    "startOffset": 2847,
                    "endColumn": 171,
                    "endOffset": 3014
                },
                "from": {
                    "file": "C:\\Users\\ADMIN\\.android\\build-cache\\fe541dc57c9d228369ed2110591b9ddf40b761e0\\output\\res\\values-is\\values.xml",
                    "position": {
                        "startLine": 21,
                        "startColumn": 4,
                        "startOffset": 3065,
                        "endColumn": 171,
                        "endOffset": 3232
                    }
                }
            },
            {
                "to": {
                    "startLine": 20,
                    "startColumn": 4,
                    "startOffset": 3019,
                    "endColumn": 127,
                    "endOffset": 3142
                },
                "from": {
                    "file": "C:\\Users\\ADMIN\\.android\\build-cache\\fe541dc57c9d228369ed2110591b9ddf40b761e0\\output\\res\\values-is\\values.xml",
                    "position": {
                        "startLine": 22,
                        "startColumn": 4,
                        "startOffset": 3237,
                        "endColumn": 127,
                        "endOffset": 3360
                    }
                }
            },
            {
                "to": {
                    "startLine": 21,
                    "startColumn": 4,
                    "startOffset": 3147,
                    "endColumn": 257,
                    "endOffset": 3400
                },
                "from": {
                    "file": "C:\\Users\\ADMIN\\.android\\build-cache\\3b3c45be01e6a89b22f090b73baf1df367750cf0\\output\\res\\values-is\\values.xml",
                    "position": {
                        "startLine": 4,
                        "startColumn": 4,
                        "startOffset": 325,
                        "endColumn": 257,
                        "endOffset": 578
                    }
                }
            },
            {
                "to": {
                    "startLine": 22,
                    "startColumn": 4,
                    "startOffset": 3405,
                    "endColumn": 255,
                    "endOffset": 3656
                },
                "from": {
                    "file": "C:\\Users\\ADMIN\\.android\\build-cache\\fe541dc57c9d228369ed2110591b9ddf40b761e0\\output\\res\\values-is\\values.xml",
                    "position": {
                        "startLine": 23,
                        "startColumn": 4,
                        "startOffset": 3365,
                        "endColumn": 255,
                        "endOffset": 3616
                    }
                }
            },
            {
                "to": {
                    "startLine": 23,
                    "startColumn": 4,
                    "startOffset": 3661,
                    "endColumn": 123,
                    "endOffset": 3780
                },
                "from": {
                    "file": "C:\\Users\\ADMIN\\.android\\build-cache\\fe541dc57c9d228369ed2110591b9ddf40b761e0\\output\\res\\values-is\\values.xml",
                    "position": {
                        "startLine": 24,
                        "startColumn": 4,
                        "startOffset": 3621,
                        "endColumn": 123,
                        "endOffset": 3740
                    }
                }
            },
            {
                "to": {
                    "startLine": 24,
                    "startColumn": 4,
                    "startOffset": 3785,
                    "endColumn": 107,
                    "endOffset": 3888
                },
                "from": {
                    "file": "C:\\Users\\ADMIN\\.android\\build-cache\\fe541dc57c9d228369ed2110591b9ddf40b761e0\\output\\res\\values-is\\values.xml",
                    "position": {
                        "startLine": 25,
                        "startColumn": 4,
                        "startOffset": 3745,
                        "endColumn": 107,
                        "endOffset": 3848
                    }
                }
            },
            {
                "to": {
                    "startLine": 25,
                    "startColumn": 4,
                    "startOffset": 3893,
                    "endColumn": 187,
                    "endOffset": 4076
                },
                "from": {
                    "file": "C:\\Users\\ADMIN\\.android\\build-cache\\fe541dc57c9d228369ed2110591b9ddf40b761e0\\output\\res\\values-is\\values.xml",
                    "position": {
                        "startLine": 26,
                        "startColumn": 4,
                        "startOffset": 3853,
                        "endColumn": 187,
                        "endOffset": 4036
                    }
                }
            },
            {
                "to": {
                    "startLine": 26,
                    "startColumn": 4,
                    "startOffset": 4081,
                    "endColumn": 127,
                    "endOffset": 4204
                },
                "from": {
                    "file": "C:\\Users\\ADMIN\\.android\\build-cache\\fe541dc57c9d228369ed2110591b9ddf40b761e0\\output\\res\\values-is\\values.xml",
                    "position": {
                        "startLine": 27,
                        "startColumn": 4,
                        "startOffset": 4041,
                        "endColumn": 127,
                        "endOffset": 4164
                    }
                }
            },
            {
                "to": {
                    "startLine": 27,
                    "startColumn": 4,
                    "startOffset": 4209,
                    "endColumn": 200,
                    "endOffset": 4405
                },
                "from": {
                    "file": "C:\\Users\\ADMIN\\.android\\build-cache\\fe541dc57c9d228369ed2110591b9ddf40b761e0\\output\\res\\values-is\\values.xml",
                    "position": {
                        "startLine": 28,
                        "startColumn": 4,
                        "startOffset": 4169,
                        "endColumn": 200,
                        "endOffset": 4365
                    }
                }
            },
            {
                "to": {
                    "startLine": 28,
                    "startColumn": 4,
                    "startOffset": 4410,
                    "endColumn": 141,
                    "endOffset": 4547
                },
                "from": {
                    "file": "C:\\Users\\ADMIN\\.android\\build-cache\\fe541dc57c9d228369ed2110591b9ddf40b761e0\\output\\res\\values-is\\values.xml",
                    "position": {
                        "startLine": 29,
                        "startColumn": 4,
                        "startOffset": 4370,
                        "endColumn": 141,
                        "endOffset": 4507
                    }
                }
            },
            {
                "to": {
                    "startLine": 29,
                    "startColumn": 4,
                    "startOffset": 4552,
                    "endColumn": 183,
                    "endOffset": 4731
                },
                "from": {
                    "file": "C:\\Users\\ADMIN\\.android\\build-cache\\fe541dc57c9d228369ed2110591b9ddf40b761e0\\output\\res\\values-is\\values.xml",
                    "position": {
                        "startLine": 30,
                        "startColumn": 4,
                        "startOffset": 4512,
                        "endColumn": 183,
                        "endOffset": 4691
                    }
                }
            },
            {
                "to": {
                    "startLine": 30,
                    "startColumn": 4,
                    "startOffset": 4736,
                    "endColumn": 93,
                    "endOffset": 4825
                },
                "from": {
                    "file": "C:\\Users\\ADMIN\\.android\\build-cache\\fe541dc57c9d228369ed2110591b9ddf40b761e0\\output\\res\\values-is\\values.xml",
                    "position": {
                        "startLine": 31,
                        "startColumn": 4,
                        "startOffset": 4696,
                        "endColumn": 93,
                        "endOffset": 4785
                    }
                }
            },
            {
                "to": {
                    "startLine": 31,
                    "startColumn": 4,
                    "startOffset": 4830,
                    "endColumn": 92,
                    "endOffset": 4918
                },
                "from": {
                    "file": "C:\\Users\\ADMIN\\.android\\build-cache\\fe541dc57c9d228369ed2110591b9ddf40b761e0\\output\\res\\values-is\\values.xml",
                    "position": {
                        "startLine": 32,
                        "startColumn": 4,
                        "startOffset": 4790,
                        "endColumn": 92,
                        "endOffset": 4878
                    }
                }
            },
            {
                "to": {
                    "startLine": 32,
                    "startColumn": 4,
                    "startOffset": 4923,
                    "endColumn": 107,
                    "endOffset": 5026
                },
                "from": {
                    "file": "C:\\Users\\ADMIN\\.android\\build-cache\\fe541dc57c9d228369ed2110591b9ddf40b761e0\\output\\res\\values-is\\values.xml",
                    "position": {
                        "startLine": 33,
                        "startColumn": 4,
                        "startOffset": 4883,
                        "endColumn": 107,
                        "endOffset": 4986
                    }
                }
            },
            {
                "to": {
                    "startLine": 33,
                    "startColumn": 4,
                    "startOffset": 5031,
                    "endColumn": 102,
                    "endOffset": 5129
                },
                "from": {
                    "file": "C:\\Users\\ADMIN\\.android\\build-cache\\fe59ef60328d1e68be970eb7f16fd43f4c6027ee\\output\\res\\values-is\\values.xml",
                    "position": {
                        "startLine": 4,
                        "startColumn": 4,
                        "startOffset": 275,
                        "endColumn": 102,
                        "endOffset": 373
                    }
                }
            },
            {
                "to": {
                    "startLine": 34,
                    "startColumn": 4,
                    "startOffset": 5134,
                    "endColumn": 94,
                    "endOffset": 5224
                },
                "from": {
                    "file": "C:\\Users\\ADMIN\\.android\\build-cache\\fe59ef60328d1e68be970eb7f16fd43f4c6027ee\\output\\res\\values-is\\values.xml",
                    "position": {
                        "startLine": 5,
                        "startColumn": 4,
                        "startOffset": 378,
                        "endColumn": 94,
                        "endOffset": 468
                    }
                }
            }
        ]
    }
]