<?xml version="1.0" encoding="utf-8"?>
<merger version="3"><dataSet config="output$Generated" generated="true"><source path="C:\Users\ADMIN\.android\build-cache\ce75b5e7c1771f76f2a643e45102699a77f2b902\output\res"/></dataSet><dataSet config="output$Generated" generated="true"><source path="C:\Users\ADMIN\.android\build-cache\1fb5308092dd2d4744aaebe5c5264bbca7bdb839\output\res"/></dataSet><dataSet config="output$Generated" generated="true"><source path="C:\Users\ADMIN\.android\build-cache\a34d40779652527027aa8f14c31dcc229217d290\output\res"/></dataSet><dataSet config="output$Generated" generated="true"><source path="C:\Users\ADMIN\.android\build-cache\8ed5a9354e1e7d596345189d6e91087782a3fff2\output\res"/></dataSet><dataSet config="output$Generated" generated="true"><source path="C:\Users\ADMIN\.android\build-cache\e5d3c736fd5d884dd90a4cc7db1e57dceb40c144\output\res"/></dataSet><dataSet config="output$Generated" generated="true"><source path="C:\Users\ADMIN\.android\build-cache\b87ee564abc795e43c1d293eaa2131711aa85406\output\res"/></dataSet><dataSet config="main$Generated" generated="true"><source path="E:\Android Studio\Call recorders\asfak\CallRecorder\app\src\androidTest\res"/><source path="E:\Android Studio\Call recorders\asfak\CallRecorder\app\build\generated\res\rs\androidTest\debug"/><source path="E:\Android Studio\Call recorders\asfak\CallRecorder\app\build\generated\res\resValues\androidTest\debug"/></dataSet><dataSet config="output" from-dependency="true" generated-set="output$Generated"><source path="C:\Users\ADMIN\.android\build-cache\ce75b5e7c1771f76f2a643e45102699a77f2b902\output\res"/></dataSet><dataSet config="output" from-dependency="true" generated-set="output$Generated"><source path="C:\Users\ADMIN\.android\build-cache\1fb5308092dd2d4744aaebe5c5264bbca7bdb839\output\res"/></dataSet><dataSet config="output" from-dependency="true" generated-set="output$Generated"><source path="C:\Users\ADMIN\.android\build-cache\a34d40779652527027aa8f14c31dcc229217d290\output\res"/></dataSet><dataSet config="output" from-dependency="true" generated-set="output$Generated"><source path="C:\Users\ADMIN\.android\build-cache\8ed5a9354e1e7d596345189d6e91087782a3fff2\output\res"><file path="C:\Users\ADMIN\.android\build-cache\8ed5a9354e1e7d596345189d6e91087782a3fff2\output\res\values\values.xml" qualifiers=""><string name="app_name">Test-api</string></file></source></dataSet><dataSet config="output" from-dependency="true" generated-set="output$Generated"><source path="C:\Users\ADMIN\.android\build-cache\e5d3c736fd5d884dd90a4cc7db1e57dceb40c144\output\res"/></dataSet><dataSet config="output" from-dependency="true" generated-set="output$Generated"><source path="C:\Users\ADMIN\.android\build-cache\b87ee564abc795e43c1d293eaa2131711aa85406\output\res"/></dataSet><dataSet config="main" generated-set="main$Generated"><source path="E:\Android Studio\Call recorders\asfak\CallRecorder\app\src\androidTest\res"/><source path="E:\Android Studio\Call recorders\asfak\CallRecorder\app\build\generated\res\rs\androidTest\debug"/><source path="E:\Android Studio\Call recorders\asfak\CallRecorder\app\build\generated\res\resValues\androidTest\debug"/></dataSet><mergedItems/></merger>