[
    {
        "outputFile": "E:\\Android Studio\\Call recorders\\asfak\\CallRecorder\\app\\build\\intermediates\\incremental\\mergeDebugAndroidTestResources\\merged.dir\\values\\values.xml",
        "map": [
            {
                "to": {
                    "startLine": 2,
                    "startColumn": 4,
                    "startOffset": 55,
                    "endColumn": 45,
                    "endOffset": 96
                },
                "from": {
                    "file": "C:\\Users\\ADMIN\\.android\\build-cache\\8ed5a9354e1e7d596345189d6e91087782a3fff2\\output\\res\\values\\values.xml",
                    "position": {
                        "startLine": 4,
                        "startColumn": 4,
                        "startOffset": 229,
                        "endColumn": 45,
                        "endOffset": 270
                    }
                }
            }
        ]
    }
]