<?xml version="1.0" encoding="utf-8"?>
<resources>
    <style name="Base.TextAppearance.AppCompat.Inverse">
        <item name="android:textColor">?android:attr/textColorPrimaryInverse</item>
        <item name="android:textColorHint">?android:attr/textColorHintInverse</item>
        <item name="android:textColorHighlight">?android:attr/textColorHighlightInverse</item>
        <item name="android:textColorLink">?android:attr/textColorLinkInverse</item>
    </style>
    <style name="Base.TextAppearance.AppCompat.Large.Inverse">
        <item name="android:textColor">?android:attr/textColorPrimaryInverse</item>
        <item name="android:textColorHint">?android:attr/textColorHintInverse</item>
        <item name="android:textColorHighlight">?android:attr/textColorHighlightInverse</item>
        <item name="android:textColorLink">?android:attr/textColorLinkInverse</item>
    </style>
    <style name="Base.TextAppearance.AppCompat.Medium.Inverse">
        <item name="android:textColor">?android:attr/textColorSecondaryInverse</item>
        <item name="android:textColorHint">?android:attr/textColorHintInverse</item>
        <item name="android:textColorHighlight">?android:attr/textColorHighlightInverse</item>
        <item name="android:textColorLink">?android:attr/textColorLinkInverse</item>
    </style>
    <style name="Base.TextAppearance.AppCompat.Small.Inverse">
        <item name="android:textColor">?android:attr/textColorTertiaryInverse</item>
        <item name="android:textColorHint">?android:attr/textColorHintInverse</item>
        <item name="android:textColorHighlight">?android:attr/textColorHighlightInverse</item>
        <item name="android:textColorLink">?android:attr/textColorLinkInverse</item>
    </style>
    <style name="Base.TextAppearance.AppCompat.Subhead.Inverse">
        <item name="android:textColor">?android:attr/textColorPrimaryInverse</item>
        <item name="android:textColorHint">?android:attr/textColorHintInverse</item>
        <item name="android:textColorHighlight">?android:attr/textColorHighlightInverse</item>
        <item name="android:textColorLink">?android:attr/textColorLinkInverse</item>
    </style>
    <style name="Base.TextAppearance.AppCompat.Title.Inverse">
        <item name="android:textColor">?android:attr/textColorPrimaryInverse</item>
        <item name="android:textColorHint">?android:attr/textColorHintInverse</item>
        <item name="android:textColorHighlight">?android:attr/textColorHighlightInverse</item>
        <item name="android:textColorLink">?android:attr/textColorLinkInverse</item>
    </style>
    <style name="Base.Theme.AppCompat.Dialog" parent="Base.V11.Theme.AppCompat.Dialog"/>
    <style name="Base.Theme.AppCompat.Light.Dialog" parent="Base.V11.Theme.AppCompat.Light.Dialog"/>
    <style name="Base.ThemeOverlay.AppCompat.Dialog" parent="Base.V11.ThemeOverlay.AppCompat.Dialog"/>
    <style name="Base.V11.Theme.AppCompat.Dialog" parent="Base.V7.Theme.AppCompat.Dialog">
        <item name="android:buttonBarStyle">@style/Widget.AppCompat.ButtonBar.AlertDialog</item>
        <item name="android:borderlessButtonStyle">@style/Widget.AppCompat.Button.Borderless</item>
        <item name="android:windowCloseOnTouchOutside">@bool/abc_config_closeDialogWhenTouchOutside</item>
    </style>
    <style name="Base.V11.Theme.AppCompat.Light.Dialog" parent="Base.V7.Theme.AppCompat.Light.Dialog">
        <item name="android:buttonBarStyle">@style/Widget.AppCompat.ButtonBar.AlertDialog</item>
        <item name="android:borderlessButtonStyle">@style/Widget.AppCompat.Button.Borderless</item>
        <item name="android:windowCloseOnTouchOutside">@bool/abc_config_closeDialogWhenTouchOutside</item>
    </style>
    <style name="Base.V11.ThemeOverlay.AppCompat.Dialog" parent="Base.V7.ThemeOverlay.AppCompat.Dialog">
        <item name="android:buttonBarStyle">@style/Widget.AppCompat.ButtonBar.AlertDialog</item>
        <item name="android:borderlessButtonStyle">@style/Widget.AppCompat.Button.Borderless</item>
        <item name="android:windowCloseOnTouchOutside">@bool/abc_config_closeDialogWhenTouchOutside</item>
    </style>
    <style name="Base.Widget.AppCompat.ProgressBar" parent="android:Widget.Holo.ProgressBar">
    </style>
    <style name="Base.Widget.AppCompat.ProgressBar.Horizontal" parent="android:Widget.Holo.ProgressBar.Horizontal">
    </style>
    <style name="Platform.AppCompat" parent="Platform.V11.AppCompat"/>
    <style name="Platform.AppCompat.Light" parent="Platform.V11.AppCompat.Light"/>
    <style name="Platform.V11.AppCompat" parent="android:Theme.Holo">
        <item name="android:windowNoTitle">true</item>
        <item name="android:windowActionBar">false</item>

        <item name="android:buttonBarStyle">?attr/buttonBarStyle</item>
        <item name="android:buttonBarButtonStyle">?attr/buttonBarButtonStyle</item>

        <!-- Window colors -->
        <item name="android:colorForeground">@color/foreground_material_dark</item>
        <item name="android:colorForegroundInverse">@color/foreground_material_light</item>
        <item name="android:colorBackground">@color/background_material_dark</item>
        <item name="android:colorBackgroundCacheHint">@color/abc_background_cache_hint_selector_material_dark</item>
        <item name="android:disabledAlpha">@dimen/abc_disabled_alpha_material_dark</item>
        <item name="android:backgroundDimAmount">0.6</item>
        <item name="android:windowBackground">@color/background_material_dark</item>

        <!-- Text colors -->
        <item name="android:textColorPrimary">@color/abc_primary_text_material_dark</item>
        <item name="android:textColorPrimaryInverse">@color/abc_primary_text_material_light</item>
        <item name="android:textColorPrimaryDisableOnly">@color/abc_primary_text_disable_only_material_dark</item>
        <item name="android:textColorSecondary">@color/abc_secondary_text_material_dark</item>
        <item name="android:textColorSecondaryInverse">@color/abc_secondary_text_material_light</item>
        <item name="android:textColorTertiary">@color/abc_secondary_text_material_dark</item>
        <item name="android:textColorTertiaryInverse">@color/abc_secondary_text_material_light</item>
        <item name="android:textColorHint">@color/hint_foreground_material_dark</item>
        <item name="android:textColorHintInverse">@color/hint_foreground_material_light</item>
        <item name="android:textColorHighlight">@color/highlighted_text_material_dark</item>
        <item name="android:textColorHighlightInverse">@color/highlighted_text_material_light</item>
        <item name="android:textColorLink">?attr/colorAccent</item>
        <item name="android:textColorLinkInverse">?attr/colorAccent</item>
        <item name="android:textColorAlertDialogListItem">@color/abc_primary_text_material_dark</item>

        <!-- Text styles -->
        <item name="android:textAppearance">@style/TextAppearance.AppCompat</item>
        <item name="android:textAppearanceInverse">@style/TextAppearance.AppCompat.Inverse</item>
        <item name="android:textAppearanceLarge">@style/TextAppearance.AppCompat.Large</item>
        <item name="android:textAppearanceLargeInverse">@style/TextAppearance.AppCompat.Large.Inverse</item>
        <item name="android:textAppearanceMedium">@style/TextAppearance.AppCompat.Medium</item>
        <item name="android:textAppearanceMediumInverse">@style/TextAppearance.AppCompat.Medium.Inverse</item>
        <item name="android:textAppearanceSmall">@style/TextAppearance.AppCompat.Small</item>
        <item name="android:textAppearanceSmallInverse">@style/TextAppearance.AppCompat.Small.Inverse</item>

        <item name="android:listChoiceIndicatorSingle">@drawable/abc_btn_radio_material</item>
        <item name="android:listChoiceIndicatorMultiple">@drawable/abc_btn_check_material</item>

        <item name="android:actionModeCutDrawable">?actionModeCutDrawable</item>
        <item name="android:actionModeCopyDrawable">?actionModeCopyDrawable</item>
        <item name="android:actionModePasteDrawable">?actionModePasteDrawable</item>

        <item name="android:textSelectHandle">@drawable/abc_text_select_handle_middle_mtrl_dark</item>
        <item name="android:textSelectHandleLeft">@drawable/abc_text_select_handle_left_mtrl_dark</item>
        <item name="android:textSelectHandleRight">@drawable/abc_text_select_handle_right_mtrl_dark</item>
    </style>
    <style name="Platform.V11.AppCompat.Light" parent="android:Theme.Holo.Light">
        <item name="android:windowNoTitle">true</item>
        <item name="android:windowActionBar">false</item>

        <item name="android:buttonBarStyle">?attr/buttonBarStyle</item>
        <item name="android:buttonBarButtonStyle">?attr/buttonBarButtonStyle</item>

        <!-- Window colors -->
        <item name="android:colorForeground">@color/foreground_material_light</item>
        <item name="android:colorForegroundInverse">@color/foreground_material_dark</item>
        <item name="android:colorBackground">@color/background_material_light</item>
        <item name="android:colorBackgroundCacheHint">@color/abc_background_cache_hint_selector_material_light</item>
        <item name="android:disabledAlpha">@dimen/abc_disabled_alpha_material_light</item>
        <item name="android:backgroundDimAmount">0.6</item>
        <item name="android:windowBackground">@color/background_material_light</item>

        <!-- Text colors -->
        <item name="android:textColorPrimary">@color/abc_primary_text_material_light</item>
        <item name="android:textColorPrimaryInverse">@color/abc_primary_text_material_dark</item>
        <item name="android:textColorSecondary">@color/abc_secondary_text_material_light</item>
        <item name="android:textColorSecondaryInverse">@color/abc_secondary_text_material_dark</item>
        <item name="android:textColorTertiary">@color/abc_secondary_text_material_light</item>
        <item name="android:textColorTertiaryInverse">@color/abc_secondary_text_material_dark</item>
        <item name="android:textColorPrimaryDisableOnly">@color/abc_primary_text_disable_only_material_light</item>
        <item name="android:textColorPrimaryInverseDisableOnly">@color/abc_primary_text_disable_only_material_dark</item>
        <item name="android:textColorHint">@color/hint_foreground_material_light</item>
        <item name="android:textColorHintInverse">@color/hint_foreground_material_dark</item>
        <item name="android:textColorHighlight">@color/highlighted_text_material_light</item>
        <item name="android:textColorHighlightInverse">@color/highlighted_text_material_dark</item>
        <item name="android:textColorLink">?attr/colorAccent</item>
        <item name="android:textColorLinkInverse">?attr/colorAccent</item>
        <item name="android:textColorAlertDialogListItem">@color/abc_primary_text_material_light</item>

        <!-- Text styles -->
        <item name="android:textAppearance">@style/TextAppearance.AppCompat</item>
        <item name="android:textAppearanceInverse">@style/TextAppearance.AppCompat.Inverse</item>
        <item name="android:textAppearanceLarge">@style/TextAppearance.AppCompat.Large</item>
        <item name="android:textAppearanceLargeInverse">@style/TextAppearance.AppCompat.Large.Inverse</item>
        <item name="android:textAppearanceMedium">@style/TextAppearance.AppCompat.Medium</item>
        <item name="android:textAppearanceMediumInverse">@style/TextAppearance.AppCompat.Medium.Inverse</item>
        <item name="android:textAppearanceSmall">@style/TextAppearance.AppCompat.Small</item>
        <item name="android:textAppearanceSmallInverse">@style/TextAppearance.AppCompat.Small.Inverse</item>

        <item name="android:listChoiceIndicatorSingle">@drawable/abc_btn_radio_material</item>
        <item name="android:listChoiceIndicatorMultiple">@drawable/abc_btn_check_material</item>

        <item name="android:actionModeCutDrawable">?actionModeCutDrawable</item>
        <item name="android:actionModeCopyDrawable">?actionModeCopyDrawable</item>
        <item name="android:actionModePasteDrawable">?actionModePasteDrawable</item>

        <item name="android:textSelectHandle">@drawable/abc_text_select_handle_middle_mtrl_light</item>
        <item name="android:textSelectHandleLeft">@drawable/abc_text_select_handle_left_mtrl_light</item>
        <item name="android:textSelectHandleRight">@drawable/abc_text_select_handle_right_mtrl_light</item>
    </style>
    <style name="Platform.Widget.AppCompat.Spinner" parent="android:Widget.Holo.Spinner"/>
    <style name="Theme.AppInvite.Preview.Base" parent="@android:style/Theme.Holo.Light.DialogWhenLarge.NoActionBar"/>
</resources>