[
    {
        "merged": "E:\\Android Studio\\Call recorders\\asfak\\CallRecorder\\app\\build\\intermediates\\res\\merged\\debug\\color\\abc_tint_btn_checkable.xml",
        "source": "C:\\Users\\ADMIN\\.android\\build-cache\\95f3ac9d8d29c858841e3e7390a95721f395d906\\output\\res\\color\\abc_tint_btn_checkable.xml"
    },
    {
        "merged": "E:\\Android Studio\\Call recorders\\asfak\\CallRecorder\\app\\build\\intermediates\\res\\merged\\debug\\color\\abc_primary_text_material_light.xml",
        "source": "C:\\Users\\ADMIN\\.android\\build-cache\\95f3ac9d8d29c858841e3e7390a95721f395d906\\output\\res\\color\\abc_primary_text_material_light.xml"
    },
    {
        "merged": "E:\\Android Studio\\Call recorders\\asfak\\CallRecorder\\app\\build\\intermediates\\res\\merged\\debug\\color\\common_plus_signin_btn_text_dark.xml",
        "source": "C:\\Users\\ADMIN\\.android\\build-cache\\fe541dc57c9d228369ed2110591b9ddf40b761e0\\output\\res\\color\\common_plus_signin_btn_text_dark.xml"
    },
    {
        "merged": "E:\\Android Studio\\Call recorders\\asfak\\CallRecorder\\app\\build\\intermediates\\res\\merged\\debug\\color\\wallet_secondary_text_holo_dark.xml",
        "source": "C:\\Users\\ADMIN\\.android\\build-cache\\23468358dee82da1201218f76cff3f116c16068a\\output\\res\\color\\wallet_secondary_text_holo_dark.xml"
    },
    {
        "merged": "E:\\Android Studio\\Call recorders\\asfak\\CallRecorder\\app\\build\\intermediates\\res\\merged\\debug\\color\\abc_primary_text_material_dark.xml",
        "source": "C:\\Users\\ADMIN\\.android\\build-cache\\95f3ac9d8d29c858841e3e7390a95721f395d906\\output\\res\\color\\abc_primary_text_material_dark.xml"
    },
    {
        "merged": "E:\\Android Studio\\Call recorders\\asfak\\CallRecorder\\app\\build\\intermediates\\res\\merged\\debug\\color\\abc_tint_edittext.xml",
        "source": "C:\\Users\\ADMIN\\.android\\build-cache\\95f3ac9d8d29c858841e3e7390a95721f395d906\\output\\res\\color\\abc_tint_edittext.xml"
    },
    {
        "merged": "E:\\Android Studio\\Call recorders\\asfak\\CallRecorder\\app\\build\\intermediates\\res\\merged\\debug\\color\\switch_thumb_material_dark.xml",
        "source": "C:\\Users\\ADMIN\\.android\\build-cache\\95f3ac9d8d29c858841e3e7390a95721f395d906\\output\\res\\color\\switch_thumb_material_dark.xml"
    },
    {
        "merged": "E:\\Android Studio\\Call recorders\\asfak\\CallRecorder\\app\\build\\intermediates\\res\\merged\\debug\\color\\common_google_signin_btn_text_dark.xml",
        "source": "C:\\Users\\ADMIN\\.android\\build-cache\\fe541dc57c9d228369ed2110591b9ddf40b761e0\\output\\res\\color\\common_google_signin_btn_text_dark.xml"
    },
    {
        "merged": "E:\\Android Studio\\Call recorders\\asfak\\CallRecorder\\app\\build\\intermediates\\res\\merged\\debug\\color\\abc_primary_text_disable_only_material_dark.xml",
        "source": "C:\\Users\\ADMIN\\.android\\build-cache\\95f3ac9d8d29c858841e3e7390a95721f395d906\\output\\res\\color\\abc_primary_text_disable_only_material_dark.xml"
    },
    {
        "merged": "E:\\Android Studio\\Call recorders\\asfak\\CallRecorder\\app\\build\\intermediates\\res\\merged\\debug\\color\\common_google_signin_btn_text_light.xml",
        "source": "C:\\Users\\ADMIN\\.android\\build-cache\\fe541dc57c9d228369ed2110591b9ddf40b761e0\\output\\res\\color\\common_google_signin_btn_text_light.xml"
    },
    {
        "merged": "E:\\Android Studio\\Call recorders\\asfak\\CallRecorder\\app\\build\\intermediates\\res\\merged\\debug\\color\\abc_tint_switch_track.xml",
        "source": "C:\\Users\\ADMIN\\.android\\build-cache\\95f3ac9d8d29c858841e3e7390a95721f395d906\\output\\res\\color\\abc_tint_switch_track.xml"
    },
    {
        "merged": "E:\\Android Studio\\Call recorders\\asfak\\CallRecorder\\app\\build\\intermediates\\res\\merged\\debug\\color\\abc_secondary_text_material_dark.xml",
        "source": "C:\\Users\\ADMIN\\.android\\build-cache\\95f3ac9d8d29c858841e3e7390a95721f395d906\\output\\res\\color\\abc_secondary_text_material_dark.xml"
    },
    {
        "merged": "E:\\Android Studio\\Call recorders\\asfak\\CallRecorder\\app\\build\\intermediates\\res\\merged\\debug\\color\\wallet_primary_text_holo_light.xml",
        "source": "C:\\Users\\ADMIN\\.android\\build-cache\\23468358dee82da1201218f76cff3f116c16068a\\output\\res\\color\\wallet_primary_text_holo_light.xml"
    },
    {
        "merged": "E:\\Android Studio\\Call recorders\\asfak\\CallRecorder\\app\\build\\intermediates\\res\\merged\\debug\\color\\abc_btn_colored_borderless_text_material.xml",
        "source": "C:\\Users\\ADMIN\\.android\\build-cache\\95f3ac9d8d29c858841e3e7390a95721f395d906\\output\\res\\color\\abc_btn_colored_borderless_text_material.xml"
    },
    {
        "merged": "E:\\Android Studio\\Call recorders\\asfak\\CallRecorder\\app\\build\\intermediates\\res\\merged\\debug\\color\\abc_tint_spinner.xml",
        "source": "C:\\Users\\ADMIN\\.android\\build-cache\\95f3ac9d8d29c858841e3e7390a95721f395d906\\output\\res\\color\\abc_tint_spinner.xml"
    },
    {
        "merged": "E:\\Android Studio\\Call recorders\\asfak\\CallRecorder\\app\\build\\intermediates\\res\\merged\\debug\\color\\common_plus_signin_btn_text_light.xml",
        "source": "C:\\Users\\ADMIN\\.android\\build-cache\\fe541dc57c9d228369ed2110591b9ddf40b761e0\\output\\res\\color\\common_plus_signin_btn_text_light.xml"
    },
    {
        "merged": "E:\\Android Studio\\Call recorders\\asfak\\CallRecorder\\app\\build\\intermediates\\res\\merged\\debug\\color\\abc_tint_default.xml",
        "source": "C:\\Users\\ADMIN\\.android\\build-cache\\95f3ac9d8d29c858841e3e7390a95721f395d906\\output\\res\\color\\abc_tint_default.xml"
    },
    {
        "merged": "E:\\Android Studio\\Call recorders\\asfak\\CallRecorder\\app\\build\\intermediates\\res\\merged\\debug\\color\\abc_primary_text_disable_only_material_light.xml",
        "source": "C:\\Users\\ADMIN\\.android\\build-cache\\95f3ac9d8d29c858841e3e7390a95721f395d906\\output\\res\\color\\abc_primary_text_disable_only_material_light.xml"
    },
    {
        "merged": "E:\\Android Studio\\Call recorders\\asfak\\CallRecorder\\app\\build\\intermediates\\res\\merged\\debug\\color\\switch_thumb_material_light.xml",
        "source": "C:\\Users\\ADMIN\\.android\\build-cache\\95f3ac9d8d29c858841e3e7390a95721f395d906\\output\\res\\color\\switch_thumb_material_light.xml"
    },
    {
        "merged": "E:\\Android Studio\\Call recorders\\asfak\\CallRecorder\\app\\build\\intermediates\\res\\merged\\debug\\color\\tab_selector.xml",
        "source": "E:\\Android Studio\\Call recorders\\asfak\\CallRecorder\\app\\src\\main\\res\\color\\tab_selector.xml"
    },
    {
        "merged": "E:\\Android Studio\\Call recorders\\asfak\\CallRecorder\\app\\build\\intermediates\\res\\merged\\debug\\color\\abc_secondary_text_material_light.xml",
        "source": "C:\\Users\\ADMIN\\.android\\build-cache\\95f3ac9d8d29c858841e3e7390a95721f395d906\\output\\res\\color\\abc_secondary_text_material_light.xml"
    },
    {
        "merged": "E:\\Android Studio\\Call recorders\\asfak\\CallRecorder\\app\\build\\intermediates\\res\\merged\\debug\\color\\abc_tint_switch_thumb.xml",
        "source": "C:\\Users\\ADMIN\\.android\\build-cache\\95f3ac9d8d29c858841e3e7390a95721f395d906\\output\\res\\color\\abc_tint_switch_thumb.xml"
    },
    {
        "merged": "E:\\Android Studio\\Call recorders\\asfak\\CallRecorder\\app\\build\\intermediates\\res\\merged\\debug\\color\\abc_search_url_text.xml",
        "source": "C:\\Users\\ADMIN\\.android\\build-cache\\95f3ac9d8d29c858841e3e7390a95721f395d906\\output\\res\\color\\abc_search_url_text.xml"
    },
    {
        "merged": "E:\\Android Studio\\Call recorders\\asfak\\CallRecorder\\app\\build\\intermediates\\res\\merged\\debug\\color\\abc_tint_seek_thumb.xml",
        "source": "C:\\Users\\ADMIN\\.android\\build-cache\\95f3ac9d8d29c858841e3e7390a95721f395d906\\output\\res\\color\\abc_tint_seek_thumb.xml"
    }
]