[
    {
        "merged": "E:\\Android Studio\\Call recorders\\asfak\\CallRecorder\\app\\build\\intermediates\\res\\merged\\debug\\drawable-hdpi-v4\\abc_list_pressed_holo_dark.9.png",
        "source": "C:\\Users\\ADMIN\\.android\\build-cache\\95f3ac9d8d29c858841e3e7390a95721f395d906\\output\\res\\drawable-hdpi-v4\\abc_list_pressed_holo_dark.9.png"
    },
    {
        "merged": "E:\\Android Studio\\Call recorders\\asfak\\CallRecorder\\app\\build\\intermediates\\res\\merged\\debug\\drawable-hdpi-v4\\abc_ic_menu_cut_mtrl_alpha.png",
        "source": "C:\\Users\\ADMIN\\.android\\build-cache\\95f3ac9d8d29c858841e3e7390a95721f395d906\\output\\res\\drawable-hdpi-v4\\abc_ic_menu_cut_mtrl_alpha.png"
    },
    {
        "merged": "E:\\Android Studio\\Call recorders\\asfak\\CallRecorder\\app\\build\\intermediates\\res\\merged\\debug\\drawable-hdpi-v4\\abc_popup_background_mtrl_mult.9.png",
        "source": "C:\\Users\\ADMIN\\.android\\build-cache\\95f3ac9d8d29c858841e3e7390a95721f395d906\\output\\res\\drawable-hdpi-v4\\abc_popup_background_mtrl_mult.9.png"
    },
    {
        "merged": "E:\\Android Studio\\Call recorders\\asfak\\CallRecorder\\app\\build\\intermediates\\res\\merged\\debug\\drawable-hdpi-v4\\ic_plusone_tall_off_client.png",
        "source": "C:\\Users\\ADMIN\\.android\\build-cache\\700e8e1b75f38e78d859705c83cee2b4bcc8bd84\\output\\res\\drawable-hdpi-v4\\ic_plusone_tall_off_client.png"
    },
    {
        "merged": "E:\\Android Studio\\Call recorders\\asfak\\CallRecorder\\app\\build\\intermediates\\res\\merged\\debug\\drawable-hdpi-v4\\common_plus_signin_btn_icon_dark_normal.9.png",
        "source": "C:\\Users\\ADMIN\\.android\\build-cache\\fe541dc57c9d228369ed2110591b9ddf40b761e0\\output\\res\\drawable-hdpi-v4\\common_plus_signin_btn_icon_dark_normal.9.png"
    },
    {
        "merged": "E:\\Android Studio\\Call recorders\\asfak\\CallRecorder\\app\\build\\intermediates\\res\\merged\\debug\\drawable-hdpi-v4\\common_google_signin_btn_text_dark_pressed.9.png",
        "source": "C:\\Users\\ADMIN\\.android\\build-cache\\fe541dc57c9d228369ed2110591b9ddf40b761e0\\output\\res\\drawable-hdpi-v4\\common_google_signin_btn_text_dark_pressed.9.png"
    },
    {
        "merged": "E:\\Android Studio\\Call recorders\\asfak\\CallRecorder\\app\\build\\intermediates\\res\\merged\\debug\\drawable-hdpi-v4\\abc_btn_switch_to_on_mtrl_00001.9.png",
        "source": "C:\\Users\\ADMIN\\.android\\build-cache\\95f3ac9d8d29c858841e3e7390a95721f395d906\\output\\res\\drawable-hdpi-v4\\abc_btn_switch_to_on_mtrl_00001.9.png"
    },
    {
        "merged": "E:\\Android Studio\\Call recorders\\asfak\\CallRecorder\\app\\build\\intermediates\\res\\merged\\debug\\drawable-hdpi-v4\\abc_scrubber_control_to_pressed_mtrl_005.png",
        "source": "C:\\Users\\ADMIN\\.android\\build-cache\\95f3ac9d8d29c858841e3e7390a95721f395d906\\output\\res\\drawable-hdpi-v4\\abc_scrubber_control_to_pressed_mtrl_005.png"
    },
    {
        "merged": "E:\\Android Studio\\Call recorders\\asfak\\CallRecorder\\app\\build\\intermediates\\res\\merged\\debug\\drawable-hdpi-v4\\common_google_signin_btn_text_light_focused.9.png",
        "source": "C:\\Users\\ADMIN\\.android\\build-cache\\fe541dc57c9d228369ed2110591b9ddf40b761e0\\output\\res\\drawable-hdpi-v4\\common_google_signin_btn_text_light_focused.9.png"
    },
    {
        "merged": "E:\\Android Studio\\Call recorders\\asfak\\CallRecorder\\app\\build\\intermediates\\res\\merged\\debug\\drawable-hdpi-v4\\abc_list_divider_mtrl_alpha.9.png",
        "source": "C:\\Users\\ADMIN\\.android\\build-cache\\95f3ac9d8d29c858841e3e7390a95721f395d906\\output\\res\\drawable-hdpi-v4\\abc_list_divider_mtrl_alpha.9.png"
    },
    {
        "merged": "E:\\Android Studio\\Call recorders\\asfak\\CallRecorder\\app\\build\\intermediates\\res\\merged\\debug\\drawable-hdpi-v4\\common_google_signin_btn_icon_dark_disabled.9.png",
        "source": "C:\\Users\\ADMIN\\.android\\build-cache\\fe541dc57c9d228369ed2110591b9ddf40b761e0\\output\\res\\drawable-hdpi-v4\\common_google_signin_btn_icon_dark_disabled.9.png"
    },
    {
        "merged": "E:\\Android Studio\\Call recorders\\asfak\\CallRecorder\\app\\build\\intermediates\\res\\merged\\debug\\drawable-hdpi-v4\\common_google_signin_btn_text_light_disabled.9.png",
        "source": "C:\\Users\\ADMIN\\.android\\build-cache\\fe541dc57c9d228369ed2110591b9ddf40b761e0\\output\\res\\drawable-hdpi-v4\\common_google_signin_btn_text_light_disabled.9.png"
    },
    {
        "merged": "E:\\Android Studio\\Call recorders\\asfak\\CallRecorder\\app\\build\\intermediates\\res\\merged\\debug\\drawable-hdpi-v4\\abc_ic_commit_search_api_mtrl_alpha.png",
        "source": "C:\\Users\\ADMIN\\.android\\build-cache\\95f3ac9d8d29c858841e3e7390a95721f395d906\\output\\res\\drawable-hdpi-v4\\abc_ic_commit_search_api_mtrl_alpha.png"
    },
    {
        "merged": "E:\\Android Studio\\Call recorders\\asfak\\CallRecorder\\app\\build\\intermediates\\res\\merged\\debug\\drawable-hdpi-v4\\abc_cab_background_top_mtrl_alpha.9.png",
        "source": "C:\\Users\\ADMIN\\.android\\build-cache\\95f3ac9d8d29c858841e3e7390a95721f395d906\\output\\res\\drawable-hdpi-v4\\abc_cab_background_top_mtrl_alpha.9.png"
    },
    {
        "merged": "E:\\Android Studio\\Call recorders\\asfak\\CallRecorder\\app\\build\\intermediates\\res\\merged\\debug\\drawable-hdpi-v4\\cast_ic_notification_1.png",
        "source": "C:\\Users\\ADMIN\\.android\\build-cache\\36dfbcb2f96598c704253336746a64a7f2b2f66c\\output\\res\\drawable-hdpi-v4\\cast_ic_notification_1.png"
    },
    {
        "merged": "E:\\Android Studio\\Call recorders\\asfak\\CallRecorder\\app\\build\\intermediates\\res\\merged\\debug\\drawable-hdpi-v4\\abc_switch_track_mtrl_alpha.9.png",
        "source": "C:\\Users\\ADMIN\\.android\\build-cache\\95f3ac9d8d29c858841e3e7390a95721f395d906\\output\\res\\drawable-hdpi-v4\\abc_switch_track_mtrl_alpha.9.png"
    },
    {
        "merged": "E:\\Android Studio\\Call recorders\\asfak\\CallRecorder\\app\\build\\intermediates\\res\\merged\\debug\\drawable-hdpi-v4\\abc_ic_star_half_black_48dp.png",
        "source": "C:\\Users\\ADMIN\\.android\\build-cache\\95f3ac9d8d29c858841e3e7390a95721f395d906\\output\\res\\drawable-hdpi-v4\\abc_ic_star_half_black_48dp.png"
    },
    {
        "merged": "E:\\Android Studio\\Call recorders\\asfak\\CallRecorder\\app\\build\\intermediates\\res\\merged\\debug\\drawable-hdpi-v4\\abc_text_select_handle_right_mtrl_light.png",
        "source": "C:\\Users\\ADMIN\\.android\\build-cache\\95f3ac9d8d29c858841e3e7390a95721f395d906\\output\\res\\drawable-hdpi-v4\\abc_text_select_handle_right_mtrl_light.png"
    },
    {
        "merged": "E:\\Android Studio\\Call recorders\\asfak\\CallRecorder\\app\\build\\intermediates\\res\\merged\\debug\\drawable-hdpi-v4\\common_ic_googleplayservices.png",
        "source": "C:\\Users\\ADMIN\\.android\\build-cache\\fe541dc57c9d228369ed2110591b9ddf40b761e0\\output\\res\\drawable-hdpi-v4\\common_ic_googleplayservices.png"
    },
    {
        "merged": "E:\\Android Studio\\Call recorders\\asfak\\CallRecorder\\app\\build\\intermediates\\res\\merged\\debug\\drawable-hdpi-v4\\common_plus_signin_btn_icon_light_normal.9.png",
        "source": "C:\\Users\\ADMIN\\.android\\build-cache\\fe541dc57c9d228369ed2110591b9ddf40b761e0\\output\\res\\drawable-hdpi-v4\\common_plus_signin_btn_icon_light_normal.9.png"
    },
    {
        "merged": "E:\\Android Studio\\Call recorders\\asfak\\CallRecorder\\app\\build\\intermediates\\res\\merged\\debug\\drawable-hdpi-v4\\abc_textfield_search_default_mtrl_alpha.9.png",
        "source": "C:\\Users\\ADMIN\\.android\\build-cache\\95f3ac9d8d29c858841e3e7390a95721f395d906\\output\\res\\drawable-hdpi-v4\\abc_textfield_search_default_mtrl_alpha.9.png"
    },
    {
        "merged": "E:\\Android Studio\\Call recorders\\asfak\\CallRecorder\\app\\build\\intermediates\\res\\merged\\debug\\drawable-hdpi-v4\\common_plus_signin_btn_text_dark_pressed.9.png",
        "source": "C:\\Users\\ADMIN\\.android\\build-cache\\fe541dc57c9d228369ed2110591b9ddf40b761e0\\output\\res\\drawable-hdpi-v4\\common_plus_signin_btn_text_dark_pressed.9.png"
    },
    {
        "merged": "E:\\Android Studio\\Call recorders\\asfak\\CallRecorder\\app\\build\\intermediates\\res\\merged\\debug\\drawable-hdpi-v4\\cast_ic_notification_0.png",
        "source": "C:\\Users\\ADMIN\\.android\\build-cache\\36dfbcb2f96598c704253336746a64a7f2b2f66c\\output\\res\\drawable-hdpi-v4\\cast_ic_notification_0.png"
    },
    {
        "merged": "E:\\Android Studio\\Call recorders\\asfak\\CallRecorder\\app\\build\\intermediates\\res\\merged\\debug\\drawable-hdpi-v4\\places_ic_clear.png",
        "source": "C:\\Users\\ADMIN\\.android\\build-cache\\fe59ef60328d1e68be970eb7f16fd43f4c6027ee\\output\\res\\drawable-hdpi-v4\\places_ic_clear.png"
    },
    {
        "merged": "E:\\Android Studio\\Call recorders\\asfak\\CallRecorder\\app\\build\\intermediates\\res\\merged\\debug\\drawable-hdpi-v4\\common_google_signin_btn_icon_light_normal.9.png",
        "source": "C:\\Users\\ADMIN\\.android\\build-cache\\fe541dc57c9d228369ed2110591b9ddf40b761e0\\output\\res\\drawable-hdpi-v4\\common_google_signin_btn_icon_light_normal.9.png"
    },
    {
        "merged": "E:\\Android Studio\\Call recorders\\asfak\\CallRecorder\\app\\build\\intermediates\\res\\merged\\debug\\drawable-hdpi-v4\\abc_menu_hardkey_panel_mtrl_mult.9.png",
        "source": "C:\\Users\\ADMIN\\.android\\build-cache\\95f3ac9d8d29c858841e3e7390a95721f395d906\\output\\res\\drawable-hdpi-v4\\abc_menu_hardkey_panel_mtrl_mult.9.png"
    },
    {
        "merged": "E:\\Android Studio\\Call recorders\\asfak\\CallRecorder\\app\\build\\intermediates\\res\\merged\\debug\\drawable-hdpi-v4\\common_plus_signin_btn_text_light_pressed.9.png",
        "source": "C:\\Users\\ADMIN\\.android\\build-cache\\fe541dc57c9d228369ed2110591b9ddf40b761e0\\output\\res\\drawable-hdpi-v4\\common_plus_signin_btn_text_light_pressed.9.png"
    },
    {
        "merged": "E:\\Android Studio\\Call recorders\\asfak\\CallRecorder\\app\\build\\intermediates\\res\\merged\\debug\\drawable-hdpi-v4\\common_plus_signin_btn_text_dark_focused.9.png",
        "source": "C:\\Users\\ADMIN\\.android\\build-cache\\fe541dc57c9d228369ed2110591b9ddf40b761e0\\output\\res\\drawable-hdpi-v4\\common_plus_signin_btn_text_dark_focused.9.png"
    },
    {
        "merged": "E:\\Android Studio\\Call recorders\\asfak\\CallRecorder\\app\\build\\intermediates\\res\\merged\\debug\\drawable-hdpi-v4\\abc_textfield_default_mtrl_alpha.9.png",
        "source": "C:\\Users\\ADMIN\\.android\\build-cache\\95f3ac9d8d29c858841e3e7390a95721f395d906\\output\\res\\drawable-hdpi-v4\\abc_textfield_default_mtrl_alpha.9.png"
    },
    {
        "merged": "E:\\Android Studio\\Call recorders\\asfak\\CallRecorder\\app\\build\\intermediates\\res\\merged\\debug\\drawable-hdpi-v4\\common_google_signin_btn_icon_light_pressed.9.png",
        "source": "C:\\Users\\ADMIN\\.android\\build-cache\\fe541dc57c9d228369ed2110591b9ddf40b761e0\\output\\res\\drawable-hdpi-v4\\common_google_signin_btn_icon_light_pressed.9.png"
    },
    {
        "merged": "E:\\Android Studio\\Call recorders\\asfak\\CallRecorder\\app\\build\\intermediates\\res\\merged\\debug\\drawable-hdpi-v4\\cast_ic_notification_on.png",
        "source": "C:\\Users\\ADMIN\\.android\\build-cache\\36dfbcb2f96598c704253336746a64a7f2b2f66c\\output\\res\\drawable-hdpi-v4\\cast_ic_notification_on.png"
    },
    {
        "merged": "E:\\Android Studio\\Call recorders\\asfak\\CallRecorder\\app\\build\\intermediates\\res\\merged\\debug\\drawable-hdpi-v4\\abc_ic_star_half_black_16dp.png",
        "source": "C:\\Users\\ADMIN\\.android\\build-cache\\95f3ac9d8d29c858841e3e7390a95721f395d906\\output\\res\\drawable-hdpi-v4\\abc_ic_star_half_black_16dp.png"
    },
    {
        "merged": "E:\\Android Studio\\Call recorders\\asfak\\CallRecorder\\app\\build\\intermediates\\res\\merged\\debug\\drawable-hdpi-v4\\common_plus_signin_btn_icon_light_focused.9.png",
        "source": "C:\\Users\\ADMIN\\.android\\build-cache\\fe541dc57c9d228369ed2110591b9ddf40b761e0\\output\\res\\drawable-hdpi-v4\\common_plus_signin_btn_icon_light_focused.9.png"
    },
    {
        "merged": "E:\\Android Studio\\Call recorders\\asfak\\CallRecorder\\app\\build\\intermediates\\res\\merged\\debug\\drawable-hdpi-v4\\common_google_signin_btn_text_dark_normal.9.png",
        "source": "C:\\Users\\ADMIN\\.android\\build-cache\\fe541dc57c9d228369ed2110591b9ddf40b761e0\\output\\res\\drawable-hdpi-v4\\common_google_signin_btn_text_dark_normal.9.png"
    },
    {
        "merged": "E:\\Android Studio\\Call recorders\\asfak\\CallRecorder\\app\\build\\intermediates\\res\\merged\\debug\\drawable-hdpi-v4\\common_google_signin_btn_text_light_normal.9.png",
        "source": "C:\\Users\\ADMIN\\.android\\build-cache\\fe541dc57c9d228369ed2110591b9ddf40b761e0\\output\\res\\drawable-hdpi-v4\\common_google_signin_btn_text_light_normal.9.png"
    },
    {
        "merged": "E:\\Android Studio\\Call recorders\\asfak\\CallRecorder\\app\\build\\intermediates\\res\\merged\\debug\\drawable-hdpi-v4\\abc_list_focused_holo.9.png",
        "source": "C:\\Users\\ADMIN\\.android\\build-cache\\95f3ac9d8d29c858841e3e7390a95721f395d906\\output\\res\\drawable-hdpi-v4\\abc_list_focused_holo.9.png"
    },
    {
        "merged": "E:\\Android Studio\\Call recorders\\asfak\\CallRecorder\\app\\build\\intermediates\\res\\merged\\debug\\drawable-hdpi-v4\\abc_btn_check_to_on_mtrl_000.png",
        "source": "C:\\Users\\ADMIN\\.android\\build-cache\\95f3ac9d8d29c858841e3e7390a95721f395d906\\output\\res\\drawable-hdpi-v4\\abc_btn_check_to_on_mtrl_000.png"
    },
    {
        "merged": "E:\\Android Studio\\Call recorders\\asfak\\CallRecorder\\app\\build\\intermediates\\res\\merged\\debug\\drawable-hdpi-v4\\common_google_signin_btn_icon_dark_normal.9.png",
        "source": "C:\\Users\\ADMIN\\.android\\build-cache\\fe541dc57c9d228369ed2110591b9ddf40b761e0\\output\\res\\drawable-hdpi-v4\\common_google_signin_btn_icon_dark_normal.9.png"
    },
    {
        "merged": "E:\\Android Studio\\Call recorders\\asfak\\CallRecorder\\app\\build\\intermediates\\res\\merged\\debug\\drawable-hdpi-v4\\abc_tab_indicator_mtrl_alpha.9.png",
        "source": "C:\\Users\\ADMIN\\.android\\build-cache\\95f3ac9d8d29c858841e3e7390a95721f395d906\\output\\res\\drawable-hdpi-v4\\abc_tab_indicator_mtrl_alpha.9.png"
    },
    {
        "merged": "E:\\Android Studio\\Call recorders\\asfak\\CallRecorder\\app\\build\\intermediates\\res\\merged\\debug\\drawable-hdpi-v4\\abc_btn_radio_to_on_mtrl_015.png",
        "source": "C:\\Users\\ADMIN\\.android\\build-cache\\95f3ac9d8d29c858841e3e7390a95721f395d906\\output\\res\\drawable-hdpi-v4\\abc_btn_radio_to_on_mtrl_015.png"
    },
    {
        "merged": "E:\\Android Studio\\Call recorders\\asfak\\CallRecorder\\app\\build\\intermediates\\res\\merged\\debug\\drawable-hdpi-v4\\common_plus_signin_btn_icon_dark_focused.9.png",
        "source": "C:\\Users\\ADMIN\\.android\\build-cache\\fe541dc57c9d228369ed2110591b9ddf40b761e0\\output\\res\\drawable-hdpi-v4\\common_plus_signin_btn_icon_dark_focused.9.png"
    },
    {
        "merged": "E:\\Android Studio\\Call recorders\\asfak\\CallRecorder\\app\\build\\intermediates\\res\\merged\\debug\\drawable-hdpi-v4\\abc_ic_star_black_36dp.png",
        "source": "C:\\Users\\ADMIN\\.android\\build-cache\\95f3ac9d8d29c858841e3e7390a95721f395d906\\output\\res\\drawable-hdpi-v4\\abc_ic_star_black_36dp.png"
    },
    {
        "merged": "E:\\Android Studio\\Call recorders\\asfak\\CallRecorder\\app\\build\\intermediates\\res\\merged\\debug\\drawable-hdpi-v4\\abc_ic_menu_copy_mtrl_am_alpha.png",
        "source": "C:\\Users\\ADMIN\\.android\\build-cache\\95f3ac9d8d29c858841e3e7390a95721f395d906\\output\\res\\drawable-hdpi-v4\\abc_ic_menu_copy_mtrl_am_alpha.png"
    },
    {
        "merged": "E:\\Android Studio\\Call recorders\\asfak\\CallRecorder\\app\\build\\intermediates\\res\\merged\\debug\\drawable-hdpi-v4\\common_google_signin_btn_icon_dark_pressed.9.png",
        "source": "C:\\Users\\ADMIN\\.android\\build-cache\\fe541dc57c9d228369ed2110591b9ddf40b761e0\\output\\res\\drawable-hdpi-v4\\common_google_signin_btn_icon_dark_pressed.9.png"
    },
    {
        "merged": "E:\\Android Studio\\Call recorders\\asfak\\CallRecorder\\app\\build\\intermediates\\res\\merged\\debug\\drawable-hdpi-v4\\abc_textfield_search_activated_mtrl_alpha.9.png",
        "source": "C:\\Users\\ADMIN\\.android\\build-cache\\95f3ac9d8d29c858841e3e7390a95721f395d906\\output\\res\\drawable-hdpi-v4\\abc_textfield_search_activated_mtrl_alpha.9.png"
    },
    {
        "merged": "E:\\Android Studio\\Call recorders\\asfak\\CallRecorder\\app\\build\\intermediates\\res\\merged\\debug\\drawable-hdpi-v4\\abc_text_select_handle_left_mtrl_dark.png",
        "source": "C:\\Users\\ADMIN\\.android\\build-cache\\95f3ac9d8d29c858841e3e7390a95721f395d906\\output\\res\\drawable-hdpi-v4\\abc_text_select_handle_left_mtrl_dark.png"
    },
    {
        "merged": "E:\\Android Studio\\Call recorders\\asfak\\CallRecorder\\app\\build\\intermediates\\res\\merged\\debug\\drawable-hdpi-v4\\common_plus_signin_btn_text_dark_normal.9.png",
        "source": "C:\\Users\\ADMIN\\.android\\build-cache\\fe541dc57c9d228369ed2110591b9ddf40b761e0\\output\\res\\drawable-hdpi-v4\\common_plus_signin_btn_text_dark_normal.9.png"
    },
    {
        "merged": "E:\\Android Studio\\Call recorders\\asfak\\CallRecorder\\app\\build\\intermediates\\res\\merged\\debug\\drawable-hdpi-v4\\abc_ab_share_pack_mtrl_alpha.9.png",
        "source": "C:\\Users\\ADMIN\\.android\\build-cache\\95f3ac9d8d29c858841e3e7390a95721f395d906\\output\\res\\drawable-hdpi-v4\\abc_ab_share_pack_mtrl_alpha.9.png"
    },
    {
        "merged": "E:\\Android Studio\\Call recorders\\asfak\\CallRecorder\\app\\build\\intermediates\\res\\merged\\debug\\drawable-hdpi-v4\\ic_plusone_standard_off_client.png",
        "source": "C:\\Users\\ADMIN\\.android\\build-cache\\700e8e1b75f38e78d859705c83cee2b4bcc8bd84\\output\\res\\drawable-hdpi-v4\\ic_plusone_standard_off_client.png"
    },
    {
        "merged": "E:\\Android Studio\\Call recorders\\asfak\\CallRecorder\\app\\build\\intermediates\\res\\merged\\debug\\drawable-hdpi-v4\\ic_plusone_small_off_client.png",
        "source": "C:\\Users\\ADMIN\\.android\\build-cache\\700e8e1b75f38e78d859705c83cee2b4bcc8bd84\\output\\res\\drawable-hdpi-v4\\ic_plusone_small_off_client.png"
    },
    {
        "merged": "E:\\Android Studio\\Call recorders\\asfak\\CallRecorder\\app\\build\\intermediates\\res\\merged\\debug\\drawable-hdpi-v4\\common_plus_signin_btn_text_dark_disabled.9.png",
        "source": "C:\\Users\\ADMIN\\.android\\build-cache\\fe541dc57c9d228369ed2110591b9ddf40b761e0\\output\\res\\drawable-hdpi-v4\\common_plus_signin_btn_text_dark_disabled.9.png"
    },
    {
        "merged": "E:\\Android Studio\\Call recorders\\asfak\\CallRecorder\\app\\build\\intermediates\\res\\merged\\debug\\drawable-hdpi-v4\\common_google_signin_btn_icon_light_disabled.9.png",
        "source": "C:\\Users\\ADMIN\\.android\\build-cache\\fe541dc57c9d228369ed2110591b9ddf40b761e0\\output\\res\\drawable-hdpi-v4\\common_google_signin_btn_icon_light_disabled.9.png"
    },
    {
        "merged": "E:\\Android Studio\\Call recorders\\asfak\\CallRecorder\\app\\build\\intermediates\\res\\merged\\debug\\drawable-hdpi-v4\\abc_spinner_mtrl_am_alpha.9.png",
        "source": "C:\\Users\\ADMIN\\.android\\build-cache\\95f3ac9d8d29c858841e3e7390a95721f395d906\\output\\res\\drawable-hdpi-v4\\abc_spinner_mtrl_am_alpha.9.png"
    },
    {
        "merged": "E:\\Android Studio\\Call recorders\\asfak\\CallRecorder\\app\\build\\intermediates\\res\\merged\\debug\\drawable-hdpi-v4\\abc_text_select_handle_right_mtrl_dark.png",
        "source": "C:\\Users\\ADMIN\\.android\\build-cache\\95f3ac9d8d29c858841e3e7390a95721f395d906\\output\\res\\drawable-hdpi-v4\\abc_text_select_handle_right_mtrl_dark.png"
    },
    {
        "merged": "E:\\Android Studio\\Call recorders\\asfak\\CallRecorder\\app\\build\\intermediates\\res\\merged\\debug\\drawable-hdpi-v4\\abc_text_select_handle_middle_mtrl_dark.png",
        "source": "C:\\Users\\ADMIN\\.android\\build-cache\\95f3ac9d8d29c858841e3e7390a95721f395d906\\output\\res\\drawable-hdpi-v4\\abc_text_select_handle_middle_mtrl_dark.png"
    },
    {
        "merged": "E:\\Android Studio\\Call recorders\\asfak\\CallRecorder\\app\\build\\intermediates\\res\\merged\\debug\\drawable-hdpi-v4\\ic_plusone_medium_off_client.png",
        "source": "C:\\Users\\ADMIN\\.android\\build-cache\\700e8e1b75f38e78d859705c83cee2b4bcc8bd84\\output\\res\\drawable-hdpi-v4\\ic_plusone_medium_off_client.png"
    },
    {
        "merged": "E:\\Android Studio\\Call recorders\\asfak\\CallRecorder\\app\\build\\intermediates\\res\\merged\\debug\\drawable-hdpi-v4\\abc_ic_menu_paste_mtrl_am_alpha.png",
        "source": "C:\\Users\\ADMIN\\.android\\build-cache\\95f3ac9d8d29c858841e3e7390a95721f395d906\\output\\res\\drawable-hdpi-v4\\abc_ic_menu_paste_mtrl_am_alpha.png"
    },
    {
        "merged": "E:\\Android Studio\\Call recorders\\asfak\\CallRecorder\\app\\build\\intermediates\\res\\merged\\debug\\drawable-hdpi-v4\\common_google_signin_btn_text_light_pressed.9.png",
        "source": "C:\\Users\\ADMIN\\.android\\build-cache\\fe541dc57c9d228369ed2110591b9ddf40b761e0\\output\\res\\drawable-hdpi-v4\\common_google_signin_btn_text_light_pressed.9.png"
    },
    {
        "merged": "E:\\Android Studio\\Call recorders\\asfak\\CallRecorder\\app\\build\\intermediates\\res\\merged\\debug\\drawable-hdpi-v4\\abc_list_longpressed_holo.9.png",
        "source": "C:\\Users\\ADMIN\\.android\\build-cache\\95f3ac9d8d29c858841e3e7390a95721f395d906\\output\\res\\drawable-hdpi-v4\\abc_list_longpressed_holo.9.png"
    },
    {
        "merged": "E:\\Android Studio\\Call recorders\\asfak\\CallRecorder\\app\\build\\intermediates\\res\\merged\\debug\\drawable-hdpi-v4\\abc_list_selector_disabled_holo_light.9.png",
        "source": "C:\\Users\\ADMIN\\.android\\build-cache\\95f3ac9d8d29c858841e3e7390a95721f395d906\\output\\res\\drawable-hdpi-v4\\abc_list_selector_disabled_holo_light.9.png"
    },
    {
        "merged": "E:\\Android Studio\\Call recorders\\asfak\\CallRecorder\\app\\build\\intermediates\\res\\merged\\debug\\drawable-hdpi-v4\\abc_ic_menu_share_mtrl_alpha.png",
        "source": "C:\\Users\\ADMIN\\.android\\build-cache\\95f3ac9d8d29c858841e3e7390a95721f395d906\\output\\res\\drawable-hdpi-v4\\abc_ic_menu_share_mtrl_alpha.png"
    },
    {
        "merged": "E:\\Android Studio\\Call recorders\\asfak\\CallRecorder\\app\\build\\intermediates\\res\\merged\\debug\\drawable-hdpi-v4\\common_google_signin_btn_icon_light_focused.9.png",
        "source": "C:\\Users\\ADMIN\\.android\\build-cache\\fe541dc57c9d228369ed2110591b9ddf40b761e0\\output\\res\\drawable-hdpi-v4\\common_google_signin_btn_icon_light_focused.9.png"
    },
    {
        "merged": "E:\\Android Studio\\Call recorders\\asfak\\CallRecorder\\app\\build\\intermediates\\res\\merged\\debug\\drawable-hdpi-v4\\abc_btn_radio_to_on_mtrl_000.png",
        "source": "C:\\Users\\ADMIN\\.android\\build-cache\\95f3ac9d8d29c858841e3e7390a95721f395d906\\output\\res\\drawable-hdpi-v4\\abc_btn_radio_to_on_mtrl_000.png"
    },
    {
        "merged": "E:\\Android Studio\\Call recorders\\asfak\\CallRecorder\\app\\build\\intermediates\\res\\merged\\debug\\drawable-hdpi-v4\\abc_btn_switch_to_on_mtrl_00012.9.png",
        "source": "C:\\Users\\ADMIN\\.android\\build-cache\\95f3ac9d8d29c858841e3e7390a95721f395d906\\output\\res\\drawable-hdpi-v4\\abc_btn_switch_to_on_mtrl_00012.9.png"
    },
    {
        "merged": "E:\\Android Studio\\Call recorders\\asfak\\CallRecorder\\app\\build\\intermediates\\res\\merged\\debug\\drawable-hdpi-v4\\abc_ic_star_black_16dp.png",
        "source": "C:\\Users\\ADMIN\\.android\\build-cache\\95f3ac9d8d29c858841e3e7390a95721f395d906\\output\\res\\drawable-hdpi-v4\\abc_ic_star_black_16dp.png"
    },
    {
        "merged": "E:\\Android Studio\\Call recorders\\asfak\\CallRecorder\\app\\build\\intermediates\\res\\merged\\debug\\drawable-hdpi-v4\\common_plus_signin_btn_icon_light_disabled.9.png",
        "source": "C:\\Users\\ADMIN\\.android\\build-cache\\fe541dc57c9d228369ed2110591b9ddf40b761e0\\output\\res\\drawable-hdpi-v4\\common_plus_signin_btn_icon_light_disabled.9.png"
    },
    {
        "merged": "E:\\Android Studio\\Call recorders\\asfak\\CallRecorder\\app\\build\\intermediates\\res\\merged\\debug\\drawable-hdpi-v4\\powered_by_google_dark.png",
        "source": "C:\\Users\\ADMIN\\.android\\build-cache\\fe59ef60328d1e68be970eb7f16fd43f4c6027ee\\output\\res\\drawable-hdpi-v4\\powered_by_google_dark.png"
    },
    {
        "merged": "E:\\Android Studio\\Call recorders\\asfak\\CallRecorder\\app\\build\\intermediates\\res\\merged\\debug\\drawable-hdpi-v4\\common_google_signin_btn_text_dark_focused.9.png",
        "source": "C:\\Users\\ADMIN\\.android\\build-cache\\fe541dc57c9d228369ed2110591b9ddf40b761e0\\output\\res\\drawable-hdpi-v4\\common_google_signin_btn_text_dark_focused.9.png"
    },
    {
        "merged": "E:\\Android Studio\\Call recorders\\asfak\\CallRecorder\\app\\build\\intermediates\\res\\merged\\debug\\drawable-hdpi-v4\\abc_scrubber_control_off_mtrl_alpha.png",
        "source": "C:\\Users\\ADMIN\\.android\\build-cache\\95f3ac9d8d29c858841e3e7390a95721f395d906\\output\\res\\drawable-hdpi-v4\\abc_scrubber_control_off_mtrl_alpha.png"
    },
    {
        "merged": "E:\\Android Studio\\Call recorders\\asfak\\CallRecorder\\app\\build\\intermediates\\res\\merged\\debug\\drawable-hdpi-v4\\abc_ic_star_half_black_36dp.png",
        "source": "C:\\Users\\ADMIN\\.android\\build-cache\\95f3ac9d8d29c858841e3e7390a95721f395d906\\output\\res\\drawable-hdpi-v4\\abc_ic_star_half_black_36dp.png"
    },
    {
        "merged": "E:\\Android Studio\\Call recorders\\asfak\\CallRecorder\\app\\build\\intermediates\\res\\merged\\debug\\drawable-hdpi-v4\\abc_btn_check_to_on_mtrl_015.png",
        "source": "C:\\Users\\ADMIN\\.android\\build-cache\\95f3ac9d8d29c858841e3e7390a95721f395d906\\output\\res\\drawable-hdpi-v4\\abc_btn_check_to_on_mtrl_015.png"
    },
    {
        "merged": "E:\\Android Studio\\Call recorders\\asfak\\CallRecorder\\app\\build\\intermediates\\res\\merged\\debug\\drawable-hdpi-v4\\abc_scrubber_track_mtrl_alpha.9.png",
        "source": "C:\\Users\\ADMIN\\.android\\build-cache\\95f3ac9d8d29c858841e3e7390a95721f395d906\\output\\res\\drawable-hdpi-v4\\abc_scrubber_track_mtrl_alpha.9.png"
    },
    {
        "merged": "E:\\Android Studio\\Call recorders\\asfak\\CallRecorder\\app\\build\\intermediates\\res\\merged\\debug\\drawable-hdpi-v4\\abc_text_select_handle_middle_mtrl_light.png",
        "source": "C:\\Users\\ADMIN\\.android\\build-cache\\95f3ac9d8d29c858841e3e7390a95721f395d906\\output\\res\\drawable-hdpi-v4\\abc_text_select_handle_middle_mtrl_light.png"
    },
    {
        "merged": "E:\\Android Studio\\Call recorders\\asfak\\CallRecorder\\app\\build\\intermediates\\res\\merged\\debug\\drawable-hdpi-v4\\powered_by_google_light.png",
        "source": "C:\\Users\\ADMIN\\.android\\build-cache\\fe59ef60328d1e68be970eb7f16fd43f4c6027ee\\output\\res\\drawable-hdpi-v4\\powered_by_google_light.png"
    },
    {
        "merged": "E:\\Android Studio\\Call recorders\\asfak\\CallRecorder\\app\\build\\intermediates\\res\\merged\\debug\\drawable-hdpi-v4\\abc_ic_menu_selectall_mtrl_alpha.png",
        "source": "C:\\Users\\ADMIN\\.android\\build-cache\\95f3ac9d8d29c858841e3e7390a95721f395d906\\output\\res\\drawable-hdpi-v4\\abc_ic_menu_selectall_mtrl_alpha.png"
    },
    {
        "merged": "E:\\Android Studio\\Call recorders\\asfak\\CallRecorder\\app\\build\\intermediates\\res\\merged\\debug\\drawable-hdpi-v4\\abc_ic_star_black_48dp.png",
        "source": "C:\\Users\\ADMIN\\.android\\build-cache\\95f3ac9d8d29c858841e3e7390a95721f395d906\\output\\res\\drawable-hdpi-v4\\abc_ic_star_black_48dp.png"
    },
    {
        "merged": "E:\\Android Studio\\Call recorders\\asfak\\CallRecorder\\app\\build\\intermediates\\res\\merged\\debug\\drawable-hdpi-v4\\abc_scrubber_control_to_pressed_mtrl_000.png",
        "source": "C:\\Users\\ADMIN\\.android\\build-cache\\95f3ac9d8d29c858841e3e7390a95721f395d906\\output\\res\\drawable-hdpi-v4\\abc_scrubber_control_to_pressed_mtrl_000.png"
    },
    {
        "merged": "E:\\Android Studio\\Call recorders\\asfak\\CallRecorder\\app\\build\\intermediates\\res\\merged\\debug\\drawable-hdpi-v4\\abc_list_selector_disabled_holo_dark.9.png",
        "source": "C:\\Users\\ADMIN\\.android\\build-cache\\95f3ac9d8d29c858841e3e7390a95721f395d906\\output\\res\\drawable-hdpi-v4\\abc_list_selector_disabled_holo_dark.9.png"
    },
    {
        "merged": "E:\\Android Studio\\Call recorders\\asfak\\CallRecorder\\app\\build\\intermediates\\res\\merged\\debug\\drawable-hdpi-v4\\abc_scrubber_primary_mtrl_alpha.9.png",
        "source": "C:\\Users\\ADMIN\\.android\\build-cache\\95f3ac9d8d29c858841e3e7390a95721f395d906\\output\\res\\drawable-hdpi-v4\\abc_scrubber_primary_mtrl_alpha.9.png"
    },
    {
        "merged": "E:\\Android Studio\\Call recorders\\asfak\\CallRecorder\\app\\build\\intermediates\\res\\merged\\debug\\drawable-hdpi-v4\\common_google_signin_btn_icon_dark_focused.9.png",
        "source": "C:\\Users\\ADMIN\\.android\\build-cache\\fe541dc57c9d228369ed2110591b9ddf40b761e0\\output\\res\\drawable-hdpi-v4\\common_google_signin_btn_icon_dark_focused.9.png"
    },
    {
        "merged": "E:\\Android Studio\\Call recorders\\asfak\\CallRecorder\\app\\build\\intermediates\\res\\merged\\debug\\drawable-hdpi-v4\\common_plus_signin_btn_icon_dark_pressed.9.png",
        "source": "C:\\Users\\ADMIN\\.android\\build-cache\\fe541dc57c9d228369ed2110591b9ddf40b761e0\\output\\res\\drawable-hdpi-v4\\common_plus_signin_btn_icon_dark_pressed.9.png"
    },
    {
        "merged": "E:\\Android Studio\\Call recorders\\asfak\\CallRecorder\\app\\build\\intermediates\\res\\merged\\debug\\drawable-hdpi-v4\\common_plus_signin_btn_text_light_normal.9.png",
        "source": "C:\\Users\\ADMIN\\.android\\build-cache\\fe541dc57c9d228369ed2110591b9ddf40b761e0\\output\\res\\drawable-hdpi-v4\\common_plus_signin_btn_text_light_normal.9.png"
    },
    {
        "merged": "E:\\Android Studio\\Call recorders\\asfak\\CallRecorder\\app\\build\\intermediates\\res\\merged\\debug\\drawable-hdpi-v4\\common_google_signin_btn_text_dark_disabled.9.png",
        "source": "C:\\Users\\ADMIN\\.android\\build-cache\\fe541dc57c9d228369ed2110591b9ddf40b761e0\\output\\res\\drawable-hdpi-v4\\common_google_signin_btn_text_dark_disabled.9.png"
    },
    {
        "merged": "E:\\Android Studio\\Call recorders\\asfak\\CallRecorder\\app\\build\\intermediates\\res\\merged\\debug\\drawable-hdpi-v4\\cast_ic_notification_2.png",
        "source": "C:\\Users\\ADMIN\\.android\\build-cache\\36dfbcb2f96598c704253336746a64a7f2b2f66c\\output\\res\\drawable-hdpi-v4\\cast_ic_notification_2.png"
    },
    {
        "merged": "E:\\Android Studio\\Call recorders\\asfak\\CallRecorder\\app\\build\\intermediates\\res\\merged\\debug\\drawable-hdpi-v4\\places_ic_search.png",
        "source": "C:\\Users\\ADMIN\\.android\\build-cache\\fe59ef60328d1e68be970eb7f16fd43f4c6027ee\\output\\res\\drawable-hdpi-v4\\places_ic_search.png"
    },
    {
        "merged": "E:\\Android Studio\\Call recorders\\asfak\\CallRecorder\\app\\build\\intermediates\\res\\merged\\debug\\drawable-hdpi-v4\\common_plus_signin_btn_icon_dark_disabled.9.png",
        "source": "C:\\Users\\ADMIN\\.android\\build-cache\\fe541dc57c9d228369ed2110591b9ddf40b761e0\\output\\res\\drawable-hdpi-v4\\common_plus_signin_btn_icon_dark_disabled.9.png"
    },
    {
        "merged": "E:\\Android Studio\\Call recorders\\asfak\\CallRecorder\\app\\build\\intermediates\\res\\merged\\debug\\drawable-hdpi-v4\\common_plus_signin_btn_text_light_disabled.9.png",
        "source": "C:\\Users\\ADMIN\\.android\\build-cache\\fe541dc57c9d228369ed2110591b9ddf40b761e0\\output\\res\\drawable-hdpi-v4\\common_plus_signin_btn_text_light_disabled.9.png"
    },
    {
        "merged": "E:\\Android Studio\\Call recorders\\asfak\\CallRecorder\\app\\build\\intermediates\\res\\merged\\debug\\drawable-hdpi-v4\\abc_list_pressed_holo_light.9.png",
        "source": "C:\\Users\\ADMIN\\.android\\build-cache\\95f3ac9d8d29c858841e3e7390a95721f395d906\\output\\res\\drawable-hdpi-v4\\abc_list_pressed_holo_light.9.png"
    },
    {
        "merged": "E:\\Android Studio\\Call recorders\\asfak\\CallRecorder\\app\\build\\intermediates\\res\\merged\\debug\\drawable-hdpi-v4\\abc_text_select_handle_left_mtrl_light.png",
        "source": "C:\\Users\\ADMIN\\.android\\build-cache\\95f3ac9d8d29c858841e3e7390a95721f395d906\\output\\res\\drawable-hdpi-v4\\abc_text_select_handle_left_mtrl_light.png"
    },
    {
        "merged": "E:\\Android Studio\\Call recorders\\asfak\\CallRecorder\\app\\build\\intermediates\\res\\merged\\debug\\drawable-hdpi-v4\\abc_textfield_activated_mtrl_alpha.9.png",
        "source": "C:\\Users\\ADMIN\\.android\\build-cache\\95f3ac9d8d29c858841e3e7390a95721f395d906\\output\\res\\drawable-hdpi-v4\\abc_textfield_activated_mtrl_alpha.9.png"
    },
    {
        "merged": "E:\\Android Studio\\Call recorders\\asfak\\CallRecorder\\app\\build\\intermediates\\res\\merged\\debug\\drawable-hdpi-v4\\common_plus_signin_btn_text_light_focused.9.png",
        "source": "C:\\Users\\ADMIN\\.android\\build-cache\\fe541dc57c9d228369ed2110591b9ddf40b761e0\\output\\res\\drawable-hdpi-v4\\common_plus_signin_btn_text_light_focused.9.png"
    },
    {
        "merged": "E:\\Android Studio\\Call recorders\\asfak\\CallRecorder\\app\\build\\intermediates\\res\\merged\\debug\\drawable-hdpi-v4\\common_plus_signin_btn_icon_light_pressed.9.png",
        "source": "C:\\Users\\ADMIN\\.android\\build-cache\\fe541dc57c9d228369ed2110591b9ddf40b761e0\\output\\res\\drawable-hdpi-v4\\common_plus_signin_btn_icon_light_pressed.9.png"
    },
    {
        "merged": "E:\\Android Studio\\Call recorders\\asfak\\CallRecorder\\app\\build\\intermediates\\res\\merged\\debug\\drawable-hdpi-v4\\common_full_open_on_phone.png",
        "source": "C:\\Users\\ADMIN\\.android\\build-cache\\fe541dc57c9d228369ed2110591b9ddf40b761e0\\output\\res\\drawable-hdpi-v4\\common_full_open_on_phone.png"
    }
]