[
    {
        "merged": "E:\\Android Studio\\Call recorders\\asfak\\CallRecorder\\app\\build\\intermediates\\res\\merged\\debug\\drawable-xhdpi\\ic_setting_dark.png",
        "source": "C:\\Users\\ADMIN\\.android\\build-cache\\a2b3d40b12d9610bee7ce2deaedc414c5fd6b5b0\\output\\res\\drawable-xhdpi\\ic_setting_dark.png"
    },
    {
        "merged": "E:\\Android Studio\\Call recorders\\asfak\\CallRecorder\\app\\build\\intermediates\\res\\merged\\debug\\drawable-xhdpi\\ic_media_route_on_mono_dark.png",
        "source": "C:\\Users\\ADMIN\\.android\\build-cache\\a2b3d40b12d9610bee7ce2deaedc414c5fd6b5b0\\output\\res\\drawable-xhdpi\\ic_media_route_on_mono_dark.png"
    },
    {
        "merged": "E:\\Android Studio\\Call recorders\\asfak\\CallRecorder\\app\\build\\intermediates\\res\\merged\\debug\\drawable-xhdpi\\ic_cast_on_light.png",
        "source": "C:\\Users\\ADMIN\\.android\\build-cache\\a2b3d40b12d9610bee7ce2deaedc414c5fd6b5b0\\output\\res\\drawable-xhdpi\\ic_cast_on_light.png"
    },
    {
        "merged": "E:\\Android Studio\\Call recorders\\asfak\\CallRecorder\\app\\build\\intermediates\\res\\merged\\debug\\drawable-xhdpi\\ic_media_pause.png",
        "source": "C:\\Users\\ADMIN\\.android\\build-cache\\a2b3d40b12d9610bee7ce2deaedc414c5fd6b5b0\\output\\res\\drawable-xhdpi\\ic_media_pause.png"
    },
    {
        "merged": "E:\\Android Studio\\Call recorders\\asfak\\CallRecorder\\app\\build\\intermediates\\res\\merged\\debug\\drawable-xhdpi\\ic_cast_off_light.png",
        "source": "C:\\Users\\ADMIN\\.android\\build-cache\\a2b3d40b12d9610bee7ce2deaedc414c5fd6b5b0\\output\\res\\drawable-xhdpi\\ic_cast_off_light.png"
    },
    {
        "merged": "E:\\Android Studio\\Call recorders\\asfak\\CallRecorder\\app\\build\\intermediates\\res\\merged\\debug\\drawable-xhdpi\\ic_pause_dark.png",
        "source": "C:\\Users\\ADMIN\\.android\\build-cache\\a2b3d40b12d9610bee7ce2deaedc414c5fd6b5b0\\output\\res\\drawable-xhdpi\\ic_pause_dark.png"
    },
    {
        "merged": "E:\\Android Studio\\Call recorders\\asfak\\CallRecorder\\app\\build\\intermediates\\res\\merged\\debug\\drawable-xhdpi\\ic_play_light.png",
        "source": "C:\\Users\\ADMIN\\.android\\build-cache\\a2b3d40b12d9610bee7ce2deaedc414c5fd6b5b0\\output\\res\\drawable-xhdpi\\ic_play_light.png"
    },
    {
        "merged": "E:\\Android Studio\\Call recorders\\asfak\\CallRecorder\\app\\build\\intermediates\\res\\merged\\debug\\drawable-xhdpi\\ic_media_route_on_2_mono_dark.png",
        "source": "C:\\Users\\ADMIN\\.android\\build-cache\\a2b3d40b12d9610bee7ce2deaedc414c5fd6b5b0\\output\\res\\drawable-xhdpi\\ic_media_route_on_2_mono_dark.png"
    },
    {
        "merged": "E:\\Android Studio\\Call recorders\\asfak\\CallRecorder\\app\\build\\intermediates\\res\\merged\\debug\\drawable-xhdpi\\ic_cast_on_0_light.png",
        "source": "C:\\Users\\ADMIN\\.android\\build-cache\\a2b3d40b12d9610bee7ce2deaedc414c5fd6b5b0\\output\\res\\drawable-xhdpi\\ic_cast_on_0_light.png"
    },
    {
        "merged": "E:\\Android Studio\\Call recorders\\asfak\\CallRecorder\\app\\build\\intermediates\\res\\merged\\debug\\drawable-xhdpi\\ic_cast_light.png",
        "source": "C:\\Users\\ADMIN\\.android\\build-cache\\a2b3d40b12d9610bee7ce2deaedc414c5fd6b5b0\\output\\res\\drawable-xhdpi\\ic_cast_light.png"
    },
    {
        "merged": "E:\\Android Studio\\Call recorders\\asfak\\CallRecorder\\app\\build\\intermediates\\res\\merged\\debug\\drawable-xhdpi\\ic_pause_light.png",
        "source": "C:\\Users\\ADMIN\\.android\\build-cache\\a2b3d40b12d9610bee7ce2deaedc414c5fd6b5b0\\output\\res\\drawable-xhdpi\\ic_pause_light.png"
    },
    {
        "merged": "E:\\Android Studio\\Call recorders\\asfak\\CallRecorder\\app\\build\\intermediates\\res\\merged\\debug\\drawable-xhdpi\\ic_cast_dark.png",
        "source": "C:\\Users\\ADMIN\\.android\\build-cache\\a2b3d40b12d9610bee7ce2deaedc414c5fd6b5b0\\output\\res\\drawable-xhdpi\\ic_cast_dark.png"
    },
    {
        "merged": "E:\\Android Studio\\Call recorders\\asfak\\CallRecorder\\app\\build\\intermediates\\res\\merged\\debug\\drawable-xhdpi\\ic_cast_on_2_light.png",
        "source": "C:\\Users\\ADMIN\\.android\\build-cache\\a2b3d40b12d9610bee7ce2deaedc414c5fd6b5b0\\output\\res\\drawable-xhdpi\\ic_cast_on_2_light.png"
    },
    {
        "merged": "E:\\Android Studio\\Call recorders\\asfak\\CallRecorder\\app\\build\\intermediates\\res\\merged\\debug\\drawable-xhdpi\\ic_cast_disabled_light.png",
        "source": "C:\\Users\\ADMIN\\.android\\build-cache\\a2b3d40b12d9610bee7ce2deaedc414c5fd6b5b0\\output\\res\\drawable-xhdpi\\ic_cast_disabled_light.png"
    },
    {
        "merged": "E:\\Android Studio\\Call recorders\\asfak\\CallRecorder\\app\\build\\intermediates\\res\\merged\\debug\\drawable-xhdpi\\ic_media_route_disabled_mono_dark.png",
        "source": "C:\\Users\\ADMIN\\.android\\build-cache\\a2b3d40b12d9610bee7ce2deaedc414c5fd6b5b0\\output\\res\\drawable-xhdpi\\ic_media_route_disabled_mono_dark.png"
    },
    {
        "merged": "E:\\Android Studio\\Call recorders\\asfak\\CallRecorder\\app\\build\\intermediates\\res\\merged\\debug\\drawable-xhdpi\\ic_media_route_on_0_mono_dark.png",
        "source": "C:\\Users\\ADMIN\\.android\\build-cache\\a2b3d40b12d9610bee7ce2deaedc414c5fd6b5b0\\output\\res\\drawable-xhdpi\\ic_media_route_on_0_mono_dark.png"
    },
    {
        "merged": "E:\\Android Studio\\Call recorders\\asfak\\CallRecorder\\app\\build\\intermediates\\res\\merged\\debug\\drawable-xhdpi\\ic_setting_light.png",
        "source": "C:\\Users\\ADMIN\\.android\\build-cache\\a2b3d40b12d9610bee7ce2deaedc414c5fd6b5b0\\output\\res\\drawable-xhdpi\\ic_setting_light.png"
    },
    {
        "merged": "E:\\Android Studio\\Call recorders\\asfak\\CallRecorder\\app\\build\\intermediates\\res\\merged\\debug\\drawable-xhdpi\\ic_media_route_off_mono_dark.png",
        "source": "C:\\Users\\ADMIN\\.android\\build-cache\\a2b3d40b12d9610bee7ce2deaedc414c5fd6b5b0\\output\\res\\drawable-xhdpi\\ic_media_route_off_mono_dark.png"
    },
    {
        "merged": "E:\\Android Studio\\Call recorders\\asfak\\CallRecorder\\app\\build\\intermediates\\res\\merged\\debug\\drawable-xhdpi\\ic_media_play.png",
        "source": "C:\\Users\\ADMIN\\.android\\build-cache\\a2b3d40b12d9610bee7ce2deaedc414c5fd6b5b0\\output\\res\\drawable-xhdpi\\ic_media_play.png"
    },
    {
        "merged": "E:\\Android Studio\\Call recorders\\asfak\\CallRecorder\\app\\build\\intermediates\\res\\merged\\debug\\drawable-xhdpi\\ic_media_route_on_1_mono_dark.png",
        "source": "C:\\Users\\ADMIN\\.android\\build-cache\\a2b3d40b12d9610bee7ce2deaedc414c5fd6b5b0\\output\\res\\drawable-xhdpi\\ic_media_route_on_1_mono_dark.png"
    },
    {
        "merged": "E:\\Android Studio\\Call recorders\\asfak\\CallRecorder\\app\\build\\intermediates\\res\\merged\\debug\\drawable-xhdpi\\ic_play_dark.png",
        "source": "C:\\Users\\ADMIN\\.android\\build-cache\\a2b3d40b12d9610bee7ce2deaedc414c5fd6b5b0\\output\\res\\drawable-xhdpi\\ic_play_dark.png"
    },
    {
        "merged": "E:\\Android Studio\\Call recorders\\asfak\\CallRecorder\\app\\build\\intermediates\\res\\merged\\debug\\drawable-xhdpi\\ic_cast_on_1_light.png",
        "source": "C:\\Users\\ADMIN\\.android\\build-cache\\a2b3d40b12d9610bee7ce2deaedc414c5fd6b5b0\\output\\res\\drawable-xhdpi\\ic_cast_on_1_light.png"
    }
]