[
    {
        "merged": "E:\\Android Studio\\Call recorders\\asfak\\CallRecorder\\app\\build\\intermediates\\res\\merged\\debug\\drawable-ldrtl-hdpi-v17\\abc_spinner_mtrl_am_alpha.9.png",
        "source": "C:\\Users\\ADMIN\\.android\\build-cache\\95f3ac9d8d29c858841e3e7390a95721f395d906\\output\\res\\drawable-ldrtl-hdpi-v17\\abc_spinner_mtrl_am_alpha.9.png"
    },
    {
        "merged": "E:\\Android Studio\\Call recorders\\asfak\\CallRecorder\\app\\build\\intermediates\\res\\merged\\debug\\drawable-ldrtl-hdpi-v17\\abc_ic_menu_copy_mtrl_am_alpha.png",
        "source": "C:\\Users\\ADMIN\\.android\\build-cache\\95f3ac9d8d29c858841e3e7390a95721f395d906\\output\\res\\drawable-ldrtl-hdpi-v17\\abc_ic_menu_copy_mtrl_am_alpha.png"
    },
    {
        "merged": "E:\\Android Studio\\Call recorders\\asfak\\CallRecorder\\app\\build\\intermediates\\res\\merged\\debug\\drawable-ldrtl-hdpi-v17\\abc_ic_menu_cut_mtrl_alpha.png",
        "source": "C:\\Users\\ADMIN\\.android\\build-cache\\95f3ac9d8d29c858841e3e7390a95721f395d906\\output\\res\\drawable-ldrtl-hdpi-v17\\abc_ic_menu_cut_mtrl_alpha.png"
    }
]