[
    {
        "merged": "E:\\Android Studio\\Call recorders\\asfak\\CallRecorder\\app\\build\\intermediates\\res\\merged\\debug\\drawable-xxxhdpi-v4\\abc_btn_check_to_on_mtrl_000.png",
        "source": "C:\\Users\\ADMIN\\.android\\build-cache\\95f3ac9d8d29c858841e3e7390a95721f395d906\\output\\res\\drawable-xxxhdpi-v4\\abc_btn_check_to_on_mtrl_000.png"
    },
    {
        "merged": "E:\\Android Studio\\Call recorders\\asfak\\CallRecorder\\app\\build\\intermediates\\res\\merged\\debug\\drawable-xxxhdpi-v4\\abc_ic_menu_copy_mtrl_am_alpha.png",
        "source": "C:\\Users\\ADMIN\\.android\\build-cache\\95f3ac9d8d29c858841e3e7390a95721f395d906\\output\\res\\drawable-xxxhdpi-v4\\abc_ic_menu_copy_mtrl_am_alpha.png"
    },
    {
        "merged": "E:\\Android Studio\\Call recorders\\asfak\\CallRecorder\\app\\build\\intermediates\\res\\merged\\debug\\drawable-xxxhdpi-v4\\abc_btn_switch_to_on_mtrl_00001.9.png",
        "source": "C:\\Users\\ADMIN\\.android\\build-cache\\95f3ac9d8d29c858841e3e7390a95721f395d906\\output\\res\\drawable-xxxhdpi-v4\\abc_btn_switch_to_on_mtrl_00001.9.png"
    },
    {
        "merged": "E:\\Android Studio\\Call recorders\\asfak\\CallRecorder\\app\\build\\intermediates\\res\\merged\\debug\\drawable-xxxhdpi-v4\\abc_btn_radio_to_on_mtrl_015.png",
        "source": "C:\\Users\\ADMIN\\.android\\build-cache\\95f3ac9d8d29c858841e3e7390a95721f395d906\\output\\res\\drawable-xxxhdpi-v4\\abc_btn_radio_to_on_mtrl_015.png"
    },
    {
        "merged": "E:\\Android Studio\\Call recorders\\asfak\\CallRecorder\\app\\build\\intermediates\\res\\merged\\debug\\drawable-xxxhdpi-v4\\abc_btn_switch_to_on_mtrl_00012.9.png",
        "source": "C:\\Users\\ADMIN\\.android\\build-cache\\95f3ac9d8d29c858841e3e7390a95721f395d906\\output\\res\\drawable-xxxhdpi-v4\\abc_btn_switch_to_on_mtrl_00012.9.png"
    },
    {
        "merged": "E:\\Android Studio\\Call recorders\\asfak\\CallRecorder\\app\\build\\intermediates\\res\\merged\\debug\\drawable-xxxhdpi-v4\\abc_text_select_handle_left_mtrl_dark.png",
        "source": "C:\\Users\\ADMIN\\.android\\build-cache\\95f3ac9d8d29c858841e3e7390a95721f395d906\\output\\res\\drawable-xxxhdpi-v4\\abc_text_select_handle_left_mtrl_dark.png"
    },
    {
        "merged": "E:\\Android Studio\\Call recorders\\asfak\\CallRecorder\\app\\build\\intermediates\\res\\merged\\debug\\drawable-xxxhdpi-v4\\abc_ic_menu_paste_mtrl_am_alpha.png",
        "source": "C:\\Users\\ADMIN\\.android\\build-cache\\95f3ac9d8d29c858841e3e7390a95721f395d906\\output\\res\\drawable-xxxhdpi-v4\\abc_ic_menu_paste_mtrl_am_alpha.png"
    },
    {
        "merged": "E:\\Android Studio\\Call recorders\\asfak\\CallRecorder\\app\\build\\intermediates\\res\\merged\\debug\\drawable-xxxhdpi-v4\\abc_text_select_handle_right_mtrl_light.png",
        "source": "C:\\Users\\ADMIN\\.android\\build-cache\\95f3ac9d8d29c858841e3e7390a95721f395d906\\output\\res\\drawable-xxxhdpi-v4\\abc_text_select_handle_right_mtrl_light.png"
    },
    {
        "merged": "E:\\Android Studio\\Call recorders\\asfak\\CallRecorder\\app\\build\\intermediates\\res\\merged\\debug\\drawable-xxxhdpi-v4\\abc_scrubber_control_to_pressed_mtrl_000.png",
        "source": "C:\\Users\\ADMIN\\.android\\build-cache\\95f3ac9d8d29c858841e3e7390a95721f395d906\\output\\res\\drawable-xxxhdpi-v4\\abc_scrubber_control_to_pressed_mtrl_000.png"
    },
    {
        "merged": "E:\\Android Studio\\Call recorders\\asfak\\CallRecorder\\app\\build\\intermediates\\res\\merged\\debug\\drawable-xxxhdpi-v4\\places_ic_clear.png",
        "source": "C:\\Users\\ADMIN\\.android\\build-cache\\fe59ef60328d1e68be970eb7f16fd43f4c6027ee\\output\\res\\drawable-xxxhdpi-v4\\places_ic_clear.png"
    },
    {
        "merged": "E:\\Android Studio\\Call recorders\\asfak\\CallRecorder\\app\\build\\intermediates\\res\\merged\\debug\\drawable-xxxhdpi-v4\\abc_ic_menu_cut_mtrl_alpha.png",
        "source": "C:\\Users\\ADMIN\\.android\\build-cache\\95f3ac9d8d29c858841e3e7390a95721f395d906\\output\\res\\drawable-xxxhdpi-v4\\abc_ic_menu_cut_mtrl_alpha.png"
    },
    {
        "merged": "E:\\Android Studio\\Call recorders\\asfak\\CallRecorder\\app\\build\\intermediates\\res\\merged\\debug\\drawable-xxxhdpi-v4\\abc_ic_star_half_black_36dp.png",
        "source": "C:\\Users\\ADMIN\\.android\\build-cache\\95f3ac9d8d29c858841e3e7390a95721f395d906\\output\\res\\drawable-xxxhdpi-v4\\abc_ic_star_half_black_36dp.png"
    },
    {
        "merged": "E:\\Android Studio\\Call recorders\\asfak\\CallRecorder\\app\\build\\intermediates\\res\\merged\\debug\\drawable-xxxhdpi-v4\\abc_ic_star_black_48dp.png",
        "source": "C:\\Users\\ADMIN\\.android\\build-cache\\95f3ac9d8d29c858841e3e7390a95721f395d906\\output\\res\\drawable-xxxhdpi-v4\\abc_ic_star_black_48dp.png"
    },
    {
        "merged": "E:\\Android Studio\\Call recorders\\asfak\\CallRecorder\\app\\build\\intermediates\\res\\merged\\debug\\drawable-xxxhdpi-v4\\abc_btn_check_to_on_mtrl_015.png",
        "source": "C:\\Users\\ADMIN\\.android\\build-cache\\95f3ac9d8d29c858841e3e7390a95721f395d906\\output\\res\\drawable-xxxhdpi-v4\\abc_btn_check_to_on_mtrl_015.png"
    },
    {
        "merged": "E:\\Android Studio\\Call recorders\\asfak\\CallRecorder\\app\\build\\intermediates\\res\\merged\\debug\\drawable-xxxhdpi-v4\\abc_scrubber_control_to_pressed_mtrl_005.png",
        "source": "C:\\Users\\ADMIN\\.android\\build-cache\\95f3ac9d8d29c858841e3e7390a95721f395d906\\output\\res\\drawable-xxxhdpi-v4\\abc_scrubber_control_to_pressed_mtrl_005.png"
    },
    {
        "merged": "E:\\Android Studio\\Call recorders\\asfak\\CallRecorder\\app\\build\\intermediates\\res\\merged\\debug\\drawable-xxxhdpi-v4\\abc_ic_menu_selectall_mtrl_alpha.png",
        "source": "C:\\Users\\ADMIN\\.android\\build-cache\\95f3ac9d8d29c858841e3e7390a95721f395d906\\output\\res\\drawable-xxxhdpi-v4\\abc_ic_menu_selectall_mtrl_alpha.png"
    },
    {
        "merged": "E:\\Android Studio\\Call recorders\\asfak\\CallRecorder\\app\\build\\intermediates\\res\\merged\\debug\\drawable-xxxhdpi-v4\\abc_switch_track_mtrl_alpha.9.png",
        "source": "C:\\Users\\ADMIN\\.android\\build-cache\\95f3ac9d8d29c858841e3e7390a95721f395d906\\output\\res\\drawable-xxxhdpi-v4\\abc_switch_track_mtrl_alpha.9.png"
    },
    {
        "merged": "E:\\Android Studio\\Call recorders\\asfak\\CallRecorder\\app\\build\\intermediates\\res\\merged\\debug\\drawable-xxxhdpi-v4\\abc_btn_radio_to_on_mtrl_000.png",
        "source": "C:\\Users\\ADMIN\\.android\\build-cache\\95f3ac9d8d29c858841e3e7390a95721f395d906\\output\\res\\drawable-xxxhdpi-v4\\abc_btn_radio_to_on_mtrl_000.png"
    },
    {
        "merged": "E:\\Android Studio\\Call recorders\\asfak\\CallRecorder\\app\\build\\intermediates\\res\\merged\\debug\\drawable-xxxhdpi-v4\\abc_ic_star_half_black_16dp.png",
        "source": "C:\\Users\\ADMIN\\.android\\build-cache\\95f3ac9d8d29c858841e3e7390a95721f395d906\\output\\res\\drawable-xxxhdpi-v4\\abc_ic_star_half_black_16dp.png"
    },
    {
        "merged": "E:\\Android Studio\\Call recorders\\asfak\\CallRecorder\\app\\build\\intermediates\\res\\merged\\debug\\drawable-xxxhdpi-v4\\abc_ic_star_black_36dp.png",
        "source": "C:\\Users\\ADMIN\\.android\\build-cache\\95f3ac9d8d29c858841e3e7390a95721f395d906\\output\\res\\drawable-xxxhdpi-v4\\abc_ic_star_black_36dp.png"
    },
    {
        "merged": "E:\\Android Studio\\Call recorders\\asfak\\CallRecorder\\app\\build\\intermediates\\res\\merged\\debug\\drawable-xxxhdpi-v4\\abc_ic_star_black_16dp.png",
        "source": "C:\\Users\\ADMIN\\.android\\build-cache\\95f3ac9d8d29c858841e3e7390a95721f395d906\\output\\res\\drawable-xxxhdpi-v4\\abc_ic_star_black_16dp.png"
    },
    {
        "merged": "E:\\Android Studio\\Call recorders\\asfak\\CallRecorder\\app\\build\\intermediates\\res\\merged\\debug\\drawable-xxxhdpi-v4\\abc_text_select_handle_right_mtrl_dark.png",
        "source": "C:\\Users\\ADMIN\\.android\\build-cache\\95f3ac9d8d29c858841e3e7390a95721f395d906\\output\\res\\drawable-xxxhdpi-v4\\abc_text_select_handle_right_mtrl_dark.png"
    },
    {
        "merged": "E:\\Android Studio\\Call recorders\\asfak\\CallRecorder\\app\\build\\intermediates\\res\\merged\\debug\\drawable-xxxhdpi-v4\\abc_ic_menu_share_mtrl_alpha.png",
        "source": "C:\\Users\\ADMIN\\.android\\build-cache\\95f3ac9d8d29c858841e3e7390a95721f395d906\\output\\res\\drawable-xxxhdpi-v4\\abc_ic_menu_share_mtrl_alpha.png"
    },
    {
        "merged": "E:\\Android Studio\\Call recorders\\asfak\\CallRecorder\\app\\build\\intermediates\\res\\merged\\debug\\drawable-xxxhdpi-v4\\abc_ic_star_half_black_48dp.png",
        "source": "C:\\Users\\ADMIN\\.android\\build-cache\\95f3ac9d8d29c858841e3e7390a95721f395d906\\output\\res\\drawable-xxxhdpi-v4\\abc_ic_star_half_black_48dp.png"
    },
    {
        "merged": "E:\\Android Studio\\Call recorders\\asfak\\CallRecorder\\app\\build\\intermediates\\res\\merged\\debug\\drawable-xxxhdpi-v4\\places_ic_search.png",
        "source": "C:\\Users\\ADMIN\\.android\\build-cache\\fe59ef60328d1e68be970eb7f16fd43f4c6027ee\\output\\res\\drawable-xxxhdpi-v4\\places_ic_search.png"
    },
    {
        "merged": "E:\\Android Studio\\Call recorders\\asfak\\CallRecorder\\app\\build\\intermediates\\res\\merged\\debug\\drawable-xxxhdpi-v4\\abc_text_select_handle_left_mtrl_light.png",
        "source": "C:\\Users\\ADMIN\\.android\\build-cache\\95f3ac9d8d29c858841e3e7390a95721f395d906\\output\\res\\drawable-xxxhdpi-v4\\abc_text_select_handle_left_mtrl_light.png"
    },
    {
        "merged": "E:\\Android Studio\\Call recorders\\asfak\\CallRecorder\\app\\build\\intermediates\\res\\merged\\debug\\drawable-xxxhdpi-v4\\abc_spinner_mtrl_am_alpha.9.png",
        "source": "C:\\Users\\ADMIN\\.android\\build-cache\\95f3ac9d8d29c858841e3e7390a95721f395d906\\output\\res\\drawable-xxxhdpi-v4\\abc_spinner_mtrl_am_alpha.9.png"
    },
    {
        "merged": "E:\\Android Studio\\Call recorders\\asfak\\CallRecorder\\app\\build\\intermediates\\res\\merged\\debug\\drawable-xxxhdpi-v4\\powered_by_google_dark.png",
        "source": "C:\\Users\\ADMIN\\.android\\build-cache\\fe59ef60328d1e68be970eb7f16fd43f4c6027ee\\output\\res\\drawable-xxxhdpi-v4\\powered_by_google_dark.png"
    },
    {
        "merged": "E:\\Android Studio\\Call recorders\\asfak\\CallRecorder\\app\\build\\intermediates\\res\\merged\\debug\\drawable-xxxhdpi-v4\\abc_tab_indicator_mtrl_alpha.9.png",
        "source": "C:\\Users\\ADMIN\\.android\\build-cache\\95f3ac9d8d29c858841e3e7390a95721f395d906\\output\\res\\drawable-xxxhdpi-v4\\abc_tab_indicator_mtrl_alpha.9.png"
    },
    {
        "merged": "E:\\Android Studio\\Call recorders\\asfak\\CallRecorder\\app\\build\\intermediates\\res\\merged\\debug\\drawable-xxxhdpi-v4\\powered_by_google_light.png",
        "source": "C:\\Users\\ADMIN\\.android\\build-cache\\fe59ef60328d1e68be970eb7f16fd43f4c6027ee\\output\\res\\drawable-xxxhdpi-v4\\powered_by_google_light.png"
    }
]