[
    {
        "merged": "E:\\Android Studio\\Call recorders\\asfak\\CallRecorder\\app\\build\\intermediates\\res\\merged\\debug\\layout\\custome_ignorecontact_layout.xml",
        "source": "E:\\Android Studio\\Call recorders\\asfak\\CallRecorder\\app\\src\\main\\res\\layout\\custome_ignorecontact_layout.xml"
    },
    {
        "merged": "E:\\Android Studio\\Call recorders\\asfak\\CallRecorder\\app\\build\\intermediates\\res\\merged\\debug\\layout\\abc_expanded_menu_layout.xml",
        "source": "C:\\Users\\ADMIN\\.android\\build-cache\\95f3ac9d8d29c858841e3e7390a95721f395d906\\output\\res\\layout\\abc_expanded_menu_layout.xml"
    },
    {
        "merged": "E:\\Android Studio\\Call recorders\\asfak\\CallRecorder\\app\\build\\intermediates\\res\\merged\\debug\\layout\\fragment_two.xml",
        "source": "E:\\Android Studio\\Call recorders\\asfak\\CallRecorder\\app\\src\\main\\res\\layout\\fragment_two.xml"
    },
    {
        "merged": "E:\\Android Studio\\Call recorders\\asfak\\CallRecorder\\app\\build\\intermediates\\res\\merged\\debug\\layout\\player.xml",
        "source": "E:\\Android Studio\\Call recorders\\asfak\\CallRecorder\\app\\src\\main\\res\\layout\\player.xml"
    },
    {
        "merged": "E:\\Android Studio\\Call recorders\\asfak\\CallRecorder\\app\\build\\intermediates\\res\\merged\\debug\\layout\\mr_media_route_controller_material_dialog_b.xml",
        "source": "C:\\Users\\ADMIN\\.android\\build-cache\\a2b3d40b12d9610bee7ce2deaedc414c5fd6b5b0\\output\\res\\layout\\mr_media_route_controller_material_dialog_b.xml"
    },
    {
        "merged": "E:\\Android Studio\\Call recorders\\asfak\\CallRecorder\\app\\build\\intermediates\\res\\merged\\debug\\layout\\abc_search_view.xml",
        "source": "C:\\Users\\ADMIN\\.android\\build-cache\\95f3ac9d8d29c858841e3e7390a95721f395d906\\output\\res\\layout\\abc_search_view.xml"
    },
    {
        "merged": "E:\\Android Studio\\Call recorders\\asfak\\CallRecorder\\app\\build\\intermediates\\res\\merged\\debug\\layout\\abc_action_mode_close_item_material.xml",
        "source": "C:\\Users\\ADMIN\\.android\\build-cache\\95f3ac9d8d29c858841e3e7390a95721f395d906\\output\\res\\layout\\abc_action_mode_close_item_material.xml"
    },
    {
        "merged": "E:\\Android Studio\\Call recorders\\asfak\\CallRecorder\\app\\build\\intermediates\\res\\merged\\debug\\layout\\activity_play.xml",
        "source": "E:\\Android Studio\\Call recorders\\asfak\\CallRecorder\\app\\src\\main\\res\\layout\\activity_play.xml"
    },
    {
        "merged": "E:\\Android Studio\\Call recorders\\asfak\\CallRecorder\\app\\build\\intermediates\\res\\merged\\debug\\layout\\call_log.xml",
        "source": "E:\\Android Studio\\Call recorders\\asfak\\CallRecorder\\app\\src\\main\\res\\layout\\call_log.xml"
    },
    {
        "merged": "E:\\Android Studio\\Call recorders\\asfak\\CallRecorder\\app\\build\\intermediates\\res\\merged\\debug\\layout\\place_autocomplete_item_prediction.xml",
        "source": "C:\\Users\\ADMIN\\.android\\build-cache\\fe59ef60328d1e68be970eb7f16fd43f4c6027ee\\output\\res\\layout\\place_autocomplete_item_prediction.xml"
    },
    {
        "merged": "E:\\Android Studio\\Call recorders\\asfak\\CallRecorder\\app\\build\\intermediates\\res\\merged\\debug\\layout\\notification_layout.xml",
        "source": "E:\\Android Studio\\Call recorders\\asfak\\CallRecorder\\app\\src\\main\\res\\layout\\notification_layout.xml"
    },
    {
        "merged": "E:\\Android Studio\\Call recorders\\asfak\\CallRecorder\\app\\build\\intermediates\\res\\merged\\debug\\layout\\abc_list_menu_item_radio.xml",
        "source": "C:\\Users\\ADMIN\\.android\\build-cache\\95f3ac9d8d29c858841e3e7390a95721f395d906\\output\\res\\layout\\abc_list_menu_item_radio.xml"
    },
    {
        "merged": "E:\\Android Studio\\Call recorders\\asfak\\CallRecorder\\app\\build\\intermediates\\res\\merged\\debug\\layout\\abc_search_dropdown_item_icons_2line.xml",
        "source": "C:\\Users\\ADMIN\\.android\\build-cache\\95f3ac9d8d29c858841e3e7390a95721f395d906\\output\\res\\layout\\abc_search_dropdown_item_icons_2line.xml"
    },
    {
        "merged": "E:\\Android Studio\\Call recorders\\asfak\\CallRecorder\\app\\build\\intermediates\\res\\merged\\debug\\layout\\support_simple_spinner_dropdown_item.xml",
        "source": "C:\\Users\\ADMIN\\.android\\build-cache\\95f3ac9d8d29c858841e3e7390a95721f395d906\\output\\res\\layout\\support_simple_spinner_dropdown_item.xml"
    },
    {
        "merged": "E:\\Android Studio\\Call recorders\\asfak\\CallRecorder\\app\\build\\intermediates\\res\\merged\\debug\\layout\\calldetail.xml",
        "source": "E:\\Android Studio\\Call recorders\\asfak\\CallRecorder\\app\\src\\main\\res\\layout\\calldetail.xml"
    },
    {
        "merged": "E:\\Android Studio\\Call recorders\\asfak\\CallRecorder\\app\\build\\intermediates\\res\\merged\\debug\\layout\\mr_media_route_chooser_dialog.xml",
        "source": "C:\\Users\\ADMIN\\.android\\build-cache\\a2b3d40b12d9610bee7ce2deaedc414c5fd6b5b0\\output\\res\\layout\\mr_media_route_chooser_dialog.xml"
    },
    {
        "merged": "E:\\Android Studio\\Call recorders\\asfak\\CallRecorder\\app\\build\\intermediates\\res\\merged\\debug\\layout\\abc_select_dialog_material.xml",
        "source": "C:\\Users\\ADMIN\\.android\\build-cache\\95f3ac9d8d29c858841e3e7390a95721f395d906\\output\\res\\layout\\abc_select_dialog_material.xml"
    },
    {
        "merged": "E:\\Android Studio\\Call recorders\\asfak\\CallRecorder\\app\\build\\intermediates\\res\\merged\\debug\\layout\\activity_popup.xml",
        "source": "E:\\Android Studio\\Call recorders\\asfak\\CallRecorder\\app\\src\\main\\res\\layout\\activity_popup.xml"
    },
    {
        "merged": "E:\\Android Studio\\Call recorders\\asfak\\CallRecorder\\app\\build\\intermediates\\res\\merged\\debug\\layout\\abc_screen_content_include.xml",
        "source": "C:\\Users\\ADMIN\\.android\\build-cache\\95f3ac9d8d29c858841e3e7390a95721f395d906\\output\\res\\layout\\abc_screen_content_include.xml"
    },
    {
        "merged": "E:\\Android Studio\\Call recorders\\asfak\\CallRecorder\\app\\build\\intermediates\\res\\merged\\debug\\layout\\dialog_saverecording.xml",
        "source": "E:\\Android Studio\\Call recorders\\asfak\\CallRecorder\\app\\src\\main\\res\\layout\\dialog_saverecording.xml"
    },
    {
        "merged": "E:\\Android Studio\\Call recorders\\asfak\\CallRecorder\\app\\build\\intermediates\\res\\merged\\debug\\layout\\abc_action_menu_layout.xml",
        "source": "C:\\Users\\ADMIN\\.android\\build-cache\\95f3ac9d8d29c858841e3e7390a95721f395d906\\output\\res\\layout\\abc_action_menu_layout.xml"
    },
    {
        "merged": "E:\\Android Studio\\Call recorders\\asfak\\CallRecorder\\app\\build\\intermediates\\res\\merged\\debug\\layout\\select_dialog_item_material.xml",
        "source": "C:\\Users\\ADMIN\\.android\\build-cache\\95f3ac9d8d29c858841e3e7390a95721f395d906\\output\\res\\layout\\select_dialog_item_material.xml"
    },
    {
        "merged": "E:\\Android Studio\\Call recorders\\asfak\\CallRecorder\\app\\build\\intermediates\\res\\merged\\debug\\layout\\content_cloud_account.xml",
        "source": "E:\\Android Studio\\Call recorders\\asfak\\CallRecorder\\app\\src\\main\\res\\layout\\content_cloud_account.xml"
    },
    {
        "merged": "E:\\Android Studio\\Call recorders\\asfak\\CallRecorder\\app\\build\\intermediates\\res\\merged\\debug\\layout\\place_autocomplete_progress.xml",
        "source": "C:\\Users\\ADMIN\\.android\\build-cache\\fe59ef60328d1e68be970eb7f16fd43f4c6027ee\\output\\res\\layout\\place_autocomplete_progress.xml"
    },
    {
        "merged": "E:\\Android Studio\\Call recorders\\asfak\\CallRecorder\\app\\build\\intermediates\\res\\merged\\debug\\layout\\activity_cloud_account.xml",
        "source": "E:\\Android Studio\\Call recorders\\asfak\\CallRecorder\\app\\src\\main\\res\\layout\\activity_cloud_account.xml"
    },
    {
        "merged": "E:\\Android Studio\\Call recorders\\asfak\\CallRecorder\\app\\build\\intermediates\\res\\merged\\debug\\layout\\design_navigation_item_header.xml",
        "source": "C:\\Users\\ADMIN\\.android\\build-cache\\42137ea5db3e93d1838df82bf697d8673de183db\\output\\res\\layout\\design_navigation_item_header.xml"
    },
    {
        "merged": "E:\\Android Studio\\Call recorders\\asfak\\CallRecorder\\app\\build\\intermediates\\res\\merged\\debug\\layout\\dialog_recording_delay.xml",
        "source": "E:\\Android Studio\\Call recorders\\asfak\\CallRecorder\\app\\src\\main\\res\\layout\\dialog_recording_delay.xml"
    },
    {
        "merged": "E:\\Android Studio\\Call recorders\\asfak\\CallRecorder\\app\\build\\intermediates\\res\\merged\\debug\\layout\\list_item.xml",
        "source": "E:\\Android Studio\\Call recorders\\asfak\\CallRecorder\\app\\src\\main\\res\\layout\\list_item.xml"
    },
    {
        "merged": "E:\\Android Studio\\Call recorders\\asfak\\CallRecorder\\app\\build\\intermediates\\res\\merged\\debug\\layout\\toolbar_layout_play.xml",
        "source": "E:\\Android Studio\\Call recorders\\asfak\\CallRecorder\\app\\src\\main\\res\\layout\\toolbar_layout_play.xml"
    },
    {
        "merged": "E:\\Android Studio\\Call recorders\\asfak\\CallRecorder\\app\\build\\intermediates\\res\\merged\\debug\\layout\\abc_alert_dialog_material.xml",
        "source": "C:\\Users\\ADMIN\\.android\\build-cache\\95f3ac9d8d29c858841e3e7390a95721f395d906\\output\\res\\layout\\abc_alert_dialog_material.xml"
    },
    {
        "merged": "E:\\Android Studio\\Call recorders\\asfak\\CallRecorder\\app\\build\\intermediates\\res\\merged\\debug\\layout\\abc_list_menu_item_layout.xml",
        "source": "C:\\Users\\ADMIN\\.android\\build-cache\\95f3ac9d8d29c858841e3e7390a95721f395d906\\output\\res\\layout\\abc_list_menu_item_layout.xml"
    },
    {
        "merged": "E:\\Android Studio\\Call recorders\\asfak\\CallRecorder\\app\\build\\intermediates\\res\\merged\\debug\\layout\\select_dialog_singlechoice_material.xml",
        "source": "C:\\Users\\ADMIN\\.android\\build-cache\\95f3ac9d8d29c858841e3e7390a95721f395d906\\output\\res\\layout\\select_dialog_singlechoice_material.xml"
    },
    {
        "merged": "E:\\Android Studio\\Call recorders\\asfak\\CallRecorder\\app\\build\\intermediates\\res\\merged\\debug\\layout\\chooser_list.xml",
        "source": "E:\\Android Studio\\Call recorders\\asfak\\CallRecorder\\app\\src\\main\\res\\layout\\chooser_list.xml"
    },
    {
        "merged": "E:\\Android Studio\\Call recorders\\asfak\\CallRecorder\\app\\build\\intermediates\\res\\merged\\debug\\layout\\abc_action_bar_view_list_nav_layout.xml",
        "source": "C:\\Users\\ADMIN\\.android\\build-cache\\95f3ac9d8d29c858841e3e7390a95721f395d906\\output\\res\\layout\\abc_action_bar_view_list_nav_layout.xml"
    },
    {
        "merged": "E:\\Android Studio\\Call recorders\\asfak\\CallRecorder\\app\\build\\intermediates\\res\\merged\\debug\\layout\\notification_template_part_chronometer.xml",
        "source": "C:\\Users\\ADMIN\\.android\\build-cache\\95f3ac9d8d29c858841e3e7390a95721f395d906\\output\\res\\layout\\notification_template_part_chronometer.xml"
    },
    {
        "merged": "E:\\Android Studio\\Call recorders\\asfak\\CallRecorder\\app\\build\\intermediates\\res\\merged\\debug\\layout\\activity_contect_recording.xml",
        "source": "E:\\Android Studio\\Call recorders\\asfak\\CallRecorder\\app\\src\\main\\res\\layout\\activity_contect_recording.xml"
    },
    {
        "merged": "E:\\Android Studio\\Call recorders\\asfak\\CallRecorder\\app\\build\\intermediates\\res\\merged\\debug\\layout\\abc_action_bar_up_container.xml",
        "source": "C:\\Users\\ADMIN\\.android\\build-cache\\95f3ac9d8d29c858841e3e7390a95721f395d906\\output\\res\\layout\\abc_action_bar_up_container.xml"
    },
    {
        "merged": "E:\\Android Studio\\Call recorders\\asfak\\CallRecorder\\app\\build\\intermediates\\res\\merged\\debug\\layout\\abc_activity_chooser_view.xml",
        "source": "C:\\Users\\ADMIN\\.android\\build-cache\\95f3ac9d8d29c858841e3e7390a95721f395d906\\output\\res\\layout\\abc_activity_chooser_view.xml"
    },
    {
        "merged": "E:\\Android Studio\\Call recorders\\asfak\\CallRecorder\\app\\build\\intermediates\\res\\merged\\debug\\layout\\nnf_activity_filepicker.xml",
        "source": "C:\\Users\\ADMIN\\.android\\build-cache\\0e2f07b6e2619fb84073454fbad2237c657b3aa9\\output\\res\\layout\\nnf_activity_filepicker.xml"
    },
    {
        "merged": "E:\\Android Studio\\Call recorders\\asfak\\CallRecorder\\app\\build\\intermediates\\res\\merged\\debug\\layout\\custome_recordcontact_layout.xml",
        "source": "E:\\Android Studio\\Call recorders\\asfak\\CallRecorder\\app\\src\\main\\res\\layout\\custome_recordcontact_layout.xml"
    },
    {
        "merged": "E:\\Android Studio\\Call recorders\\asfak\\CallRecorder\\app\\build\\intermediates\\res\\merged\\debug\\layout\\design_layout_tab_text.xml",
        "source": "C:\\Users\\ADMIN\\.android\\build-cache\\42137ea5db3e93d1838df82bf697d8673de183db\\output\\res\\layout\\design_layout_tab_text.xml"
    },
    {
        "merged": "E:\\Android Studio\\Call recorders\\asfak\\CallRecorder\\app\\build\\intermediates\\res\\merged\\debug\\layout\\abc_screen_simple_overlay_action_mode.xml",
        "source": "C:\\Users\\ADMIN\\.android\\build-cache\\95f3ac9d8d29c858841e3e7390a95721f395d906\\output\\res\\layout\\abc_screen_simple_overlay_action_mode.xml"
    },
    {
        "merged": "E:\\Android Studio\\Call recorders\\asfak\\CallRecorder\\app\\build\\intermediates\\res\\merged\\debug\\layout\\nnf_fragment_filepicker.xml",
        "source": "C:\\Users\\ADMIN\\.android\\build-cache\\0e2f07b6e2619fb84073454fbad2237c657b3aa9\\output\\res\\layout\\nnf_fragment_filepicker.xml"
    },
    {
        "merged": "E:\\Android Studio\\Call recorders\\asfak\\CallRecorder\\app\\build\\intermediates\\res\\merged\\debug\\layout\\activity_notification.xml",
        "source": "E:\\Android Studio\\Call recorders\\asfak\\CallRecorder\\app\\src\\main\\res\\layout\\activity_notification.xml"
    },
    {
        "merged": "E:\\Android Studio\\Call recorders\\asfak\\CallRecorder\\app\\build\\intermediates\\res\\merged\\debug\\layout\\design_menu_item_action_area.xml",
        "source": "C:\\Users\\ADMIN\\.android\\build-cache\\42137ea5db3e93d1838df82bf697d8673de183db\\output\\res\\layout\\design_menu_item_action_area.xml"
    },
    {
        "merged": "E:\\Android Studio\\Call recorders\\asfak\\CallRecorder\\app\\build\\intermediates\\res\\merged\\debug\\layout\\list_header.xml",
        "source": "E:\\Android Studio\\Call recorders\\asfak\\CallRecorder\\app\\src\\main\\res\\layout\\list_header.xml"
    },
    {
        "merged": "E:\\Android Studio\\Call recorders\\asfak\\CallRecorder\\app\\build\\intermediates\\res\\merged\\debug\\layout\\test_list_item_layout.xml",
        "source": "E:\\Android Studio\\Call recorders\\asfak\\CallRecorder\\app\\src\\main\\res\\layout\\test_list_item_layout.xml"
    },
    {
        "merged": "E:\\Android Studio\\Call recorders\\asfak\\CallRecorder\\app\\build\\intermediates\\res\\merged\\debug\\layout\\abc_list_menu_item_icon.xml",
        "source": "C:\\Users\\ADMIN\\.android\\build-cache\\95f3ac9d8d29c858841e3e7390a95721f395d906\\output\\res\\layout\\abc_list_menu_item_icon.xml"
    },
    {
        "merged": "E:\\Android Studio\\Call recorders\\asfak\\CallRecorder\\app\\build\\intermediates\\res\\merged\\debug\\layout\\design_layout_snackbar.xml",
        "source": "C:\\Users\\ADMIN\\.android\\build-cache\\42137ea5db3e93d1838df82bf697d8673de183db\\output\\res\\layout\\design_layout_snackbar.xml"
    },
    {
        "merged": "E:\\Android Studio\\Call recorders\\asfak\\CallRecorder\\app\\build\\intermediates\\res\\merged\\debug\\layout\\activity_drive.xml",
        "source": "E:\\Android Studio\\Call recorders\\asfak\\CallRecorder\\app\\src\\main\\res\\layout\\activity_drive.xml"
    },
    {
        "merged": "E:\\Android Studio\\Call recorders\\asfak\\CallRecorder\\app\\build\\intermediates\\res\\merged\\debug\\layout\\abc_action_menu_item_layout.xml",
        "source": "C:\\Users\\ADMIN\\.android\\build-cache\\95f3ac9d8d29c858841e3e7390a95721f395d906\\output\\res\\layout\\abc_action_menu_item_layout.xml"
    },
    {
        "merged": "E:\\Android Studio\\Call recorders\\asfak\\CallRecorder\\app\\build\\intermediates\\res\\merged\\debug\\layout\\abc_screen_simple.xml",
        "source": "C:\\Users\\ADMIN\\.android\\build-cache\\95f3ac9d8d29c858841e3e7390a95721f395d906\\output\\res\\layout\\abc_screen_simple.xml"
    },
    {
        "merged": "E:\\Android Studio\\Call recorders\\asfak\\CallRecorder\\app\\build\\intermediates\\res\\merged\\debug\\layout\\design_layout_snackbar_include.xml",
        "source": "C:\\Users\\ADMIN\\.android\\build-cache\\42137ea5db3e93d1838df82bf697d8673de183db\\output\\res\\layout\\design_layout_snackbar_include.xml"
    },
    {
        "merged": "E:\\Android Studio\\Call recorders\\asfak\\CallRecorder\\app\\build\\intermediates\\res\\merged\\debug\\layout\\notification_media_action.xml",
        "source": "C:\\Users\\ADMIN\\.android\\build-cache\\95f3ac9d8d29c858841e3e7390a95721f395d906\\output\\res\\layout\\notification_media_action.xml"
    },
    {
        "merged": "E:\\Android Studio\\Call recorders\\asfak\\CallRecorder\\app\\build\\intermediates\\res\\merged\\debug\\layout\\dialog_audioformate.xml",
        "source": "E:\\Android Studio\\Call recorders\\asfak\\CallRecorder\\app\\src\\main\\res\\layout\\dialog_audioformate.xml"
    },
    {
        "merged": "E:\\Android Studio\\Call recorders\\asfak\\CallRecorder\\app\\build\\intermediates\\res\\merged\\debug\\layout\\content_setting.xml",
        "source": "E:\\Android Studio\\Call recorders\\asfak\\CallRecorder\\app\\src\\main\\res\\layout\\content_setting.xml"
    },
    {
        "merged": "E:\\Android Studio\\Call recorders\\asfak\\CallRecorder\\app\\build\\intermediates\\res\\merged\\debug\\layout\\dialog_cloud.xml",
        "source": "E:\\Android Studio\\Call recorders\\asfak\\CallRecorder\\app\\src\\main\\res\\layout\\dialog_cloud.xml"
    },
    {
        "merged": "E:\\Android Studio\\Call recorders\\asfak\\CallRecorder\\app\\build\\intermediates\\res\\merged\\debug\\layout\\app_bar_main.xml",
        "source": "E:\\Android Studio\\Call recorders\\asfak\\CallRecorder\\app\\src\\main\\res\\layout\\app_bar_main.xml"
    },
    {
        "merged": "E:\\Android Studio\\Call recorders\\asfak\\CallRecorder\\app\\build\\intermediates\\res\\merged\\debug\\layout\\design_bottom_sheet_dialog.xml",
        "source": "C:\\Users\\ADMIN\\.android\\build-cache\\42137ea5db3e93d1838df82bf697d8673de183db\\output\\res\\layout\\design_bottom_sheet_dialog.xml"
    },
    {
        "merged": "E:\\Android Studio\\Call recorders\\asfak\\CallRecorder\\app\\build\\intermediates\\res\\merged\\debug\\layout\\activity_setting.xml",
        "source": "E:\\Android Studio\\Call recorders\\asfak\\CallRecorder\\app\\src\\main\\res\\layout\\activity_setting.xml"
    },
    {
        "merged": "E:\\Android Studio\\Call recorders\\asfak\\CallRecorder\\app\\build\\intermediates\\res\\merged\\debug\\layout\\activity_filter.xml",
        "source": "E:\\Android Studio\\Call recorders\\asfak\\CallRecorder\\app\\src\\main\\res\\layout\\activity_filter.xml"
    },
    {
        "merged": "E:\\Android Studio\\Call recorders\\asfak\\CallRecorder\\app\\build\\intermediates\\res\\merged\\debug\\layout\\main2.xml",
        "source": "E:\\Android Studio\\Call recorders\\asfak\\CallRecorder\\app\\src\\main\\res\\layout\\main2.xml"
    },
    {
        "merged": "E:\\Android Studio\\Call recorders\\asfak\\CallRecorder\\app\\build\\intermediates\\res\\merged\\debug\\layout\\content_main.xml",
        "source": "E:\\Android Studio\\Call recorders\\asfak\\CallRecorder\\app\\src\\main\\res\\layout\\content_main.xml"
    },
    {
        "merged": "E:\\Android Studio\\Call recorders\\asfak\\CallRecorder\\app\\build\\intermediates\\res\\merged\\debug\\layout\\header.xml",
        "source": "E:\\Android Studio\\Call recorders\\asfak\\CallRecorder\\app\\src\\main\\res\\layout\\header.xml"
    },
    {
        "merged": "E:\\Android Studio\\Call recorders\\asfak\\CallRecorder\\app\\build\\intermediates\\res\\merged\\debug\\layout\\design_navigation_item.xml",
        "source": "C:\\Users\\ADMIN\\.android\\build-cache\\42137ea5db3e93d1838df82bf697d8673de183db\\output\\res\\layout\\design_navigation_item.xml"
    },
    {
        "merged": "E:\\Android Studio\\Call recorders\\asfak\\CallRecorder\\app\\build\\intermediates\\res\\merged\\debug\\layout\\notification_media_cancel_action.xml",
        "source": "C:\\Users\\ADMIN\\.android\\build-cache\\95f3ac9d8d29c858841e3e7390a95721f395d906\\output\\res\\layout\\notification_media_cancel_action.xml"
    },
    {
        "merged": "E:\\Android Studio\\Call recorders\\asfak\\CallRecorder\\app\\build\\intermediates\\res\\merged\\debug\\layout\\select_dialog_multichoice_material.xml",
        "source": "C:\\Users\\ADMIN\\.android\\build-cache\\95f3ac9d8d29c858841e3e7390a95721f395d906\\output\\res\\layout\\select_dialog_multichoice_material.xml"
    },
    {
        "merged": "E:\\Android Studio\\Call recorders\\asfak\\CallRecorder\\app\\build\\intermediates\\res\\merged\\debug\\layout\\toolbar_ignorecontact.xml",
        "source": "E:\\Android Studio\\Call recorders\\asfak\\CallRecorder\\app\\src\\main\\res\\layout\\toolbar_ignorecontact.xml"
    },
    {
        "merged": "E:\\Android Studio\\Call recorders\\asfak\\CallRecorder\\app\\build\\intermediates\\res\\merged\\debug\\layout\\abc_alert_dialog_button_bar_material.xml",
        "source": "C:\\Users\\ADMIN\\.android\\build-cache\\95f3ac9d8d29c858841e3e7390a95721f395d906\\output\\res\\layout\\abc_alert_dialog_button_bar_material.xml"
    },
    {
        "merged": "E:\\Android Studio\\Call recorders\\asfak\\CallRecorder\\app\\build\\intermediates\\res\\merged\\debug\\layout\\design_navigation_menu_item.xml",
        "source": "C:\\Users\\ADMIN\\.android\\build-cache\\42137ea5db3e93d1838df82bf697d8673de183db\\output\\res\\layout\\design_navigation_menu_item.xml"
    },
    {
        "merged": "E:\\Android Studio\\Call recorders\\asfak\\CallRecorder\\app\\build\\intermediates\\res\\merged\\debug\\layout\\activity_recording.xml",
        "source": "E:\\Android Studio\\Call recorders\\asfak\\CallRecorder\\app\\src\\main\\res\\layout\\activity_recording.xml"
    },
    {
        "merged": "E:\\Android Studio\\Call recorders\\asfak\\CallRecorder\\app\\build\\intermediates\\res\\merged\\debug\\layout\\nnf_filepicker_listitem_dir.xml",
        "source": "C:\\Users\\ADMIN\\.android\\build-cache\\0e2f07b6e2619fb84073454fbad2237c657b3aa9\\output\\res\\layout\\nnf_filepicker_listitem_dir.xml"
    },
    {
        "merged": "E:\\Android Studio\\Call recorders\\asfak\\CallRecorder\\app\\build\\intermediates\\res\\merged\\debug\\layout\\abc_action_bar_title_item.xml",
        "source": "C:\\Users\\ADMIN\\.android\\build-cache\\95f3ac9d8d29c858841e3e7390a95721f395d906\\output\\res\\layout\\abc_action_bar_title_item.xml"
    },
    {
        "merged": "E:\\Android Studio\\Call recorders\\asfak\\CallRecorder\\app\\build\\intermediates\\res\\merged\\debug\\layout\\abc_list_menu_item_checkbox.xml",
        "source": "C:\\Users\\ADMIN\\.android\\build-cache\\95f3ac9d8d29c858841e3e7390a95721f395d906\\output\\res\\layout\\abc_list_menu_item_checkbox.xml"
    },
    {
        "merged": "E:\\Android Studio\\Call recorders\\asfak\\CallRecorder\\app\\build\\intermediates\\res\\merged\\debug\\layout\\nav_header_main.xml",
        "source": "E:\\Android Studio\\Call recorders\\asfak\\CallRecorder\\app\\src\\main\\res\\layout\\nav_header_main.xml"
    },
    {
        "merged": "E:\\Android Studio\\Call recorders\\asfak\\CallRecorder\\app\\build\\intermediates\\res\\merged\\debug\\layout\\design_layout_tab_icon.xml",
        "source": "C:\\Users\\ADMIN\\.android\\build-cache\\42137ea5db3e93d1838df82bf697d8673de183db\\output\\res\\layout\\design_layout_tab_icon.xml"
    },
    {
        "merged": "E:\\Android Studio\\Call recorders\\asfak\\CallRecorder\\app\\build\\intermediates\\res\\merged\\debug\\layout\\activity_main.xml",
        "source": "E:\\Android Studio\\Call recorders\\asfak\\CallRecorder\\app\\src\\main\\res\\layout\\activity_main.xml"
    },
    {
        "merged": "E:\\Android Studio\\Call recorders\\asfak\\CallRecorder\\app\\build\\intermediates\\res\\merged\\debug\\layout\\abc_popup_menu_header_item_layout.xml",
        "source": "C:\\Users\\ADMIN\\.android\\build-cache\\95f3ac9d8d29c858841e3e7390a95721f395d906\\output\\res\\layout\\abc_popup_menu_header_item_layout.xml"
    },
    {
        "merged": "E:\\Android Studio\\Call recorders\\asfak\\CallRecorder\\app\\build\\intermediates\\res\\merged\\debug\\layout\\notification_template_lines.xml",
        "source": "C:\\Users\\ADMIN\\.android\\build-cache\\95f3ac9d8d29c858841e3e7390a95721f395d906\\output\\res\\layout\\notification_template_lines.xml"
    },
    {
        "merged": "E:\\Android Studio\\Call recorders\\asfak\\CallRecorder\\app\\build\\intermediates\\res\\merged\\debug\\layout\\place_autocomplete_fragment.xml",
        "source": "C:\\Users\\ADMIN\\.android\\build-cache\\fe59ef60328d1e68be970eb7f16fd43f4c6027ee\\output\\res\\layout\\place_autocomplete_fragment.xml"
    },
    {
        "merged": "E:\\Android Studio\\Call recorders\\asfak\\CallRecorder\\app\\build\\intermediates\\res\\merged\\debug\\layout\\mr_media_route_list_item.xml",
        "source": "C:\\Users\\ADMIN\\.android\\build-cache\\a2b3d40b12d9610bee7ce2deaedc414c5fd6b5b0\\output\\res\\layout\\mr_media_route_list_item.xml"
    },
    {
        "merged": "E:\\Android Studio\\Call recorders\\asfak\\CallRecorder\\app\\build\\intermediates\\res\\merged\\debug\\layout\\dialog_recordingsource.xml",
        "source": "E:\\Android Studio\\Call recorders\\asfak\\CallRecorder\\app\\src\\main\\res\\layout\\dialog_recordingsource.xml"
    },
    {
        "merged": "E:\\Android Studio\\Call recorders\\asfak\\CallRecorder\\app\\build\\intermediates\\res\\merged\\debug\\layout\\fragment_one.xml",
        "source": "E:\\Android Studio\\Call recorders\\asfak\\CallRecorder\\app\\src\\main\\res\\layout\\fragment_one.xml"
    },
    {
        "merged": "E:\\Android Studio\\Call recorders\\asfak\\CallRecorder\\app\\build\\intermediates\\res\\merged\\debug\\layout\\toolbar_layout.xml",
        "source": "E:\\Android Studio\\Call recorders\\asfak\\CallRecorder\\app\\src\\main\\res\\layout\\toolbar_layout.xml"
    },
    {
        "merged": "E:\\Android Studio\\Call recorders\\asfak\\CallRecorder\\app\\build\\intermediates\\res\\merged\\debug\\layout\\main.xml",
        "source": "E:\\Android Studio\\Call recorders\\asfak\\CallRecorder\\app\\src\\main\\res\\layout\\main.xml"
    },
    {
        "merged": "E:\\Android Studio\\Call recorders\\asfak\\CallRecorder\\app\\build\\intermediates\\res\\merged\\debug\\layout\\notification_template_media.xml",
        "source": "C:\\Users\\ADMIN\\.android\\build-cache\\95f3ac9d8d29c858841e3e7390a95721f395d906\\output\\res\\layout\\notification_template_media.xml"
    },
    {
        "merged": "E:\\Android Studio\\Call recorders\\asfak\\CallRecorder\\app\\build\\intermediates\\res\\merged\\debug\\layout\\activity_ignore_contact.xml",
        "source": "E:\\Android Studio\\Call recorders\\asfak\\CallRecorder\\app\\src\\main\\res\\layout\\activity_ignore_contact.xml"
    },
    {
        "merged": "E:\\Android Studio\\Call recorders\\asfak\\CallRecorder\\app\\build\\intermediates\\res\\merged\\debug\\layout\\abc_action_mode_bar.xml",
        "source": "C:\\Users\\ADMIN\\.android\\build-cache\\95f3ac9d8d29c858841e3e7390a95721f395d906\\output\\res\\layout\\abc_action_mode_bar.xml"
    },
    {
        "merged": "E:\\Android Studio\\Call recorders\\asfak\\CallRecorder\\app\\build\\intermediates\\res\\merged\\debug\\layout\\edit_notes.xml",
        "source": "E:\\Android Studio\\Call recorders\\asfak\\CallRecorder\\app\\src\\main\\res\\layout\\edit_notes.xml"
    },
    {
        "merged": "E:\\Android Studio\\Call recorders\\asfak\\CallRecorder\\app\\build\\intermediates\\res\\merged\\debug\\layout\\dialog.xml",
        "source": "E:\\Android Studio\\Call recorders\\asfak\\CallRecorder\\app\\src\\main\\res\\layout\\dialog.xml"
    },
    {
        "merged": "E:\\Android Studio\\Call recorders\\asfak\\CallRecorder\\app\\build\\intermediates\\res\\merged\\debug\\layout\\nnf_filepicker_listitem_checkable.xml",
        "source": "C:\\Users\\ADMIN\\.android\\build-cache\\0e2f07b6e2619fb84073454fbad2237c657b3aa9\\output\\res\\layout\\nnf_filepicker_listitem_checkable.xml"
    },
    {
        "merged": "E:\\Android Studio\\Call recorders\\asfak\\CallRecorder\\app\\build\\intermediates\\res\\merged\\debug\\layout\\abc_dialog_title_material.xml",
        "source": "C:\\Users\\ADMIN\\.android\\build-cache\\95f3ac9d8d29c858841e3e7390a95721f395d906\\output\\res\\layout\\abc_dialog_title_material.xml"
    },
    {
        "merged": "E:\\Android Studio\\Call recorders\\asfak\\CallRecorder\\app\\build\\intermediates\\res\\merged\\debug\\layout\\place_autocomplete_item_powered_by_google.xml",
        "source": "C:\\Users\\ADMIN\\.android\\build-cache\\fe59ef60328d1e68be970eb7f16fd43f4c6027ee\\output\\res\\layout\\place_autocomplete_item_powered_by_google.xml"
    },
    {
        "merged": "E:\\Android Studio\\Call recorders\\asfak\\CallRecorder\\app\\build\\intermediates\\res\\merged\\debug\\layout\\abc_screen_toolbar.xml",
        "source": "C:\\Users\\ADMIN\\.android\\build-cache\\95f3ac9d8d29c858841e3e7390a95721f395d906\\output\\res\\layout\\abc_screen_toolbar.xml"
    },
    {
        "merged": "E:\\Android Studio\\Call recorders\\asfak\\CallRecorder\\app\\build\\intermediates\\res\\merged\\debug\\layout\\notification_template_part_time.xml",
        "source": "C:\\Users\\ADMIN\\.android\\build-cache\\95f3ac9d8d29c858841e3e7390a95721f395d906\\output\\res\\layout\\notification_template_part_time.xml"
    },
    {
        "merged": "E:\\Android Studio\\Call recorders\\asfak\\CallRecorder\\app\\build\\intermediates\\res\\merged\\debug\\layout\\dialog_recordpath.xml",
        "source": "E:\\Android Studio\\Call recorders\\asfak\\CallRecorder\\app\\src\\main\\res\\layout\\dialog_recordpath.xml"
    },
    {
        "merged": "E:\\Android Studio\\Call recorders\\asfak\\CallRecorder\\app\\build\\intermediates\\res\\merged\\debug\\layout\\design_navigation_item_separator.xml",
        "source": "C:\\Users\\ADMIN\\.android\\build-cache\\42137ea5db3e93d1838df82bf697d8673de183db\\output\\res\\layout\\design_navigation_item_separator.xml"
    },
    {
        "merged": "E:\\Android Studio\\Call recorders\\asfak\\CallRecorder\\app\\build\\intermediates\\res\\merged\\debug\\layout\\dialog_inbox_size.xml",
        "source": "E:\\Android Studio\\Call recorders\\asfak\\CallRecorder\\app\\src\\main\\res\\layout\\dialog_inbox_size.xml"
    },
    {
        "merged": "E:\\Android Studio\\Call recorders\\asfak\\CallRecorder\\app\\build\\intermediates\\res\\merged\\debug\\layout\\abc_popup_menu_item_layout.xml",
        "source": "C:\\Users\\ADMIN\\.android\\build-cache\\95f3ac9d8d29c858841e3e7390a95721f395d906\\output\\res\\layout\\abc_popup_menu_item_layout.xml"
    },
    {
        "merged": "E:\\Android Studio\\Call recorders\\asfak\\CallRecorder\\app\\build\\intermediates\\res\\merged\\debug\\layout\\dialog_defualt.xml",
        "source": "E:\\Android Studio\\Call recorders\\asfak\\CallRecorder\\app\\src\\main\\res\\layout\\dialog_defualt.xml"
    },
    {
        "merged": "E:\\Android Studio\\Call recorders\\asfak\\CallRecorder\\app\\build\\intermediates\\res\\merged\\debug\\layout\\abc_activity_chooser_view_list_item.xml",
        "source": "C:\\Users\\ADMIN\\.android\\build-cache\\95f3ac9d8d29c858841e3e7390a95721f395d906\\output\\res\\layout\\abc_activity_chooser_view_list_item.xml"
    },
    {
        "merged": "E:\\Android Studio\\Call recorders\\asfak\\CallRecorder\\app\\build\\intermediates\\res\\merged\\debug\\layout\\notification_template_big_media.xml",
        "source": "C:\\Users\\ADMIN\\.android\\build-cache\\95f3ac9d8d29c858841e3e7390a95721f395d906\\output\\res\\layout\\notification_template_big_media.xml"
    },
    {
        "merged": "E:\\Android Studio\\Call recorders\\asfak\\CallRecorder\\app\\build\\intermediates\\res\\merged\\debug\\layout\\notification_template_big_media_narrow.xml",
        "source": "C:\\Users\\ADMIN\\.android\\build-cache\\95f3ac9d8d29c858841e3e7390a95721f395d906\\output\\res\\layout\\notification_template_big_media_narrow.xml"
    },
    {
        "merged": "E:\\Android Studio\\Call recorders\\asfak\\CallRecorder\\app\\build\\intermediates\\res\\merged\\debug\\layout\\design_navigation_menu.xml",
        "source": "C:\\Users\\ADMIN\\.android\\build-cache\\42137ea5db3e93d1838df82bf697d8673de183db\\output\\res\\layout\\design_navigation_menu.xml"
    },
    {
        "merged": "E:\\Android Studio\\Call recorders\\asfak\\CallRecorder\\app\\build\\intermediates\\res\\merged\\debug\\layout\\activity_call_history.xml",
        "source": "E:\\Android Studio\\Call recorders\\asfak\\CallRecorder\\app\\src\\main\\res\\layout\\activity_call_history.xml"
    },
    {
        "merged": "E:\\Android Studio\\Call recorders\\asfak\\CallRecorder\\app\\build\\intermediates\\res\\merged\\debug\\layout\\toolbar_layout_delete.xml",
        "source": "E:\\Android Studio\\Call recorders\\asfak\\CallRecorder\\app\\src\\main\\res\\layout\\toolbar_layout_delete.xml"
    },
    {
        "merged": "E:\\Android Studio\\Call recorders\\asfak\\CallRecorder\\app\\build\\intermediates\\res\\merged\\debug\\layout\\activity_changeevents.xml",
        "source": "E:\\Android Studio\\Call recorders\\asfak\\CallRecorder\\app\\src\\main\\res\\layout\\activity_changeevents.xml"
    },
    {
        "merged": "E:\\Android Studio\\Call recorders\\asfak\\CallRecorder\\app\\build\\intermediates\\res\\merged\\debug\\layout\\design_navigation_item_subheader.xml",
        "source": "C:\\Users\\ADMIN\\.android\\build-cache\\42137ea5db3e93d1838df82bf697d8673de183db\\output\\res\\layout\\design_navigation_item_subheader.xml"
    },
    {
        "merged": "E:\\Android Studio\\Call recorders\\asfak\\CallRecorder\\app\\build\\intermediates\\res\\merged\\debug\\layout\\nnf_dialog_folder_name.xml",
        "source": "C:\\Users\\ADMIN\\.android\\build-cache\\0e2f07b6e2619fb84073454fbad2237c657b3aa9\\output\\res\\layout\\nnf_dialog_folder_name.xml"
    }
]