[
    {
        "merged": "E:\\Android Studio\\Call recorders\\asfak\\CallRecorder\\app\\build\\intermediates\\res\\merged\\debug\\menu\\picker_actions.xml",
        "source": "C:\\Users\\ADMIN\\.android\\build-cache\\0e2f07b6e2619fb84073454fbad2237c657b3aa9\\output\\res\\menu\\picker_actions.xml"
    },
    {
        "merged": "E:\\Android Studio\\Call recorders\\asfak\\CallRecorder\\app\\build\\intermediates\\res\\merged\\debug\\menu\\main.xml",
        "source": "E:\\Android Studio\\Call recorders\\asfak\\CallRecorder\\app\\src\\main\\res\\menu\\main.xml"
    },
    {
        "merged": "E:\\Android Studio\\Call recorders\\asfak\\CallRecorder\\app\\build\\intermediates\\res\\merged\\debug\\menu\\activity_main_drawer.xml",
        "source": "E:\\Android Studio\\Call recorders\\asfak\\CallRecorder\\app\\src\\main\\res\\menu\\activity_main_drawer.xml"
    }
]